{
"sadmin":[
    {
        "id":1,       
        "name":"client1",
        "noEntity":3,
        "noBranch":5,
        "noDepartment":6,
        "noBatch":7,
        "noAdmin":8,
        "noStudent":340,
        "noStaff":64
    },
    {
        "id":2,      
        "name":"client2",
        "noEntity":3,
        "noBranch":5,
        "noDepartment":6,
        "noBatch":7,
        "noAdmin":8,
        "noStudent":340,
        "noStaff":64
    },
    {
        "id":3,       
        "name":"client3",
        "noEntity":3,
        "noBranch":5,
        "noDepartment":6,
        "noBatch":7,
        "noAdmin":8,
        "noStudent":340,
        "noStaff":64
    },
    {
        "id":4,      
        "name":"client4",
        "noEntity":3,
        "noBranch":5,
        "noDepartment":6,
        "noBatch":7,
        "noAdmin":8,
        "noStudent":340,
        "noStaff":64
    }
],
"client":[
    {
        "id":1,
        "name":"entity1" ,
        "noBranch":5,
        "noDepartment":6,
        "noBatch":7,
        "noAdmin":8,
        "noStudent":340,
        "noStaff":64
    },
    {
        "id":2,
        "name":"entity2" ,
        "noBranch":5,
        "noDepartment":6,
        "noBatch":7,
        "noAdmin":8,
        "noStudent":340,
        "noStaff":64
    },
    {
        "id":3,
        "name":"entity3" ,
        "noBranch":5,
        "noDepartment":6,
        "noBatch":7,
        "noAdmin":8,
        "noStudent":340,
        "noStaff":64
    },
    {
        "id":4,
        "name":"entity4" ,
        "noBranch":5,
        "noDepartment":6,
        "noBatch":7,
        "noAdmin":8,
        "noStudent":340,
        "noStaff":64
    },
    {
        "id":5,
        "name":"entity5" ,
        "noBranch":5,
        "noDepartment":6,
        "noBatch":7,
        "noAdmin":8,
        "noStudent":340,
        "noStaff":64
    }
],
"entity":[
    {
        "id":1,
        "name":"branch6" ,        
        "noDepartment":6,
        "noBatch":7,
        "noAdmin":8,
        "noStudent":340,
        "noStaff":64
    },
    {
        "id":2,
        "name":"branch2" ,       
        "noDepartment":6,
        "noBatch":7,
        "noAdmin":8,
        "noStudent":340,
        "noStaff":64
    },
    {
        "id":3,
        "name":"branch3" ,        
        "noDepartment":6,
        "noBatch":7,
        "noAdmin":8,
        "noStudent":340,
        "noStaff":64
    },
    {
        "id":4,
        "name":"branch6" ,       
        "noDepartment":6,
        "noBatch":7,
        "noAdmin":8,
        "noStudent":340,
        "noStaff":64
    },
    {
        "id":5,
        "name":"branch5" ,       
        "noDepartment":6,
        "noBatch":7,
        "noAdmin":8,
        "noStudent":340,
        "noStaff":64
    },
    {
        "id":6,
        "name":"branch6",       
        "noDepartment":6,
        "noBatch":7,
        "noAdmin":8,
        "noStudent":340,
        "noStaff":64
    }
],
"branch":[
    {
        "id":1,
        "name":"department1" ,       
        "noBatch":7,
        "noAdmin":8,
        "noStudent":340,
        "noStaff":64
    },
    {
        "id":2,
        "name":"department2" ,       
        "noBatch":7,
        "noAdmin":8,
        "noStudent":340,
        "noStaff":64
    },
    {
        "id":3,
        "name":"department3" ,       
        "noBatch":7,
        "noAdmin":8,
        "noStudent":340,
        "noStaff":64
    },
    {
        "id":4,
        "name":"department4" ,       
        "noBatch":7,
        "noAdmin":8,
        "noStudent":340,
        "noStaff":64
    },
    {
        "id":5,
        "name":"department5" ,       
        "noBatch":7,
        "noAdmin":8,
        "noStudent":340,
        "noStaff":64
    },
    {
        "id":6,
        "name":"department6" ,      
        "noBatch":7,
        "noAdmin":8,
        "noStudent":340,
        "noStaff":64
    }
],
"department":[
    {
        "id":1,
        "name":"batch6" ,       
        "noAdmin":8,
        "noStudent":340,
        "noStaff":64
    },
    {
        "id":2,
        "name":"batch2" ,       
        "noBatch":7,
        "noAdmin":8,
        "noStudent":340,
        "noStaff":64
    },
    {
        "id":3,
        "name":"batch3" ,       
        "noBatch":7,
        "noAdmin":8,
        "noStudent":340,
        "noStaff":64
    },
    {
        "id":4,
        "name":"batch6" ,       
        "noBatch":7,
        "noAdmin":8,
        "noStudent":340,
        "noStaff":64
    },
    {
        "id":5,
        "name":"batch5" ,       
        "noBatch":7,
        "noAdmin":8,
        "noStudent":340,
        "noStaff":64
    },
    {
        "id":6,
        "name":"batch6" ,      
        "noBatch":7,
        "noAdmin":8,
        "noStudent":340,
        "noStaff":64
    }
]

}