{"v":"5.7.1","fr":50,"ip":0,"op":150,"w":420,"h":580,"nm":"Comp 1","ddd":0,"assets":[],"layers":[{"ddd":0,"ind":1,"ty":4,"nm":"corner graphics Outlines","sr":1,"ks":{"o":{"a":0,"k":100,"ix":11},"r":{"a":0,"k":0,"ix":10},"p":{"a":0,"k":[210,290,0],"ix":2},"a":{"a":0,"k":[210,290,0],"ix":1},"s":{"a":0,"k":[100,100,100],"ix":6}},"ao":0,"shapes":[{"ty":"gr","it":[{"ind":0,"ty":"sh","ix":1,"ks":{"a":0,"k":{"i":[[0,0],[24.514,-8.613]],"o":[[0,0],[-24.514,8.613]],"v":[[51.346,23.188],[-26.833,-14.576]],"c":true},"ix":2},"nm":"Path 1","mn":"ADBE Vector Shape - Group","hd":false},{"ty":"fl","c":{"a":0,"k":[0.226999993418,0.289999988032,0.808000033509,1],"ix":4},"o":{"a":0,"k":100,"ix":5},"r":1,"bm":0,"nm":"Fill 1","mn":"ADBE Vector Graphic - Fill","hd":false},{"ty":"tr","p":{"a":0,"k":[253.013,545.687],"ix":2},"a":{"a":0,"k":[46,22],"ix":1},"s":{"a":0,"k":[100,100],"ix":3},"r":{"a":1,"k":[{"i":{"x":[0.667],"y":[1]},"o":{"x":[0.333],"y":[0]},"t":0,"s":[6.2]},{"i":{"x":[0.667],"y":[1]},"o":{"x":[0.333],"y":[0]},"t":76,"s":[-4.8]},{"t":150,"s":[6.2]}],"ix":6},"o":{"a":0,"k":100,"ix":7},"sk":{"a":0,"k":0,"ix":4},"sa":{"a":0,"k":0,"ix":5},"nm":"Transform"}],"nm":"Group 1","np":2,"cix":2,"bm":0,"ix":1,"mn":"ADBE Vector Group","hd":false},{"ty":"gr","it":[{"ind":0,"ty":"sh","ix":1,"ks":{"a":0,"k":{"i":[[0,0],[28.488,-16.563]],"o":[[0,0],[-28.49,16.564]],"v":[[48.801,52.009],[-20.311,-35.446]],"c":true},"ix":2},"nm":"Path 1","mn":"ADBE Vector Shape - Group","hd":false},{"ty":"fl","c":{"a":0,"k":[0.226999993418,0.289999988032,0.808000033509,1],"ix":4},"o":{"a":0,"k":100,"ix":5},"r":1,"bm":0,"nm":"Fill 1","mn":"ADBE Vector Graphic - Fill","hd":false},{"ty":"tr","p":{"a":0,"k":[279.643,541.866],"ix":2},"a":{"a":0,"k":[50,47],"ix":1},"s":{"a":0,"k":[100,100],"ix":3},"r":{"a":1,"k":[{"i":{"x":[0.667],"y":[1]},"o":{"x":[0.167],"y":[0.167]},"t":20,"s":[0]},{"i":{"x":[0.833],"y":[0.833]},"o":{"x":[0.333],"y":[0]},"t":70,"s":[-7]},{"t":150,"s":[0]}],"ix":6},"o":{"a":0,"k":100,"ix":7},"sk":{"a":0,"k":0,"ix":4},"sa":{"a":0,"k":0,"ix":5},"nm":"Transform"}],"nm":"Group 2","np":2,"cix":2,"bm":0,"ix":2,"mn":"ADBE Vector Group","hd":false},{"ty":"gr","it":[{"ind":0,"ty":"sh","ix":1,"ks":{"a":0,"k":{"i":[[0.436,0.059],[0,0],[0,0],[0,0],[0,0],[0,0],[0,0],[0,0],[0,0],[0,0],[0,0],[-0.023,-0.768],[-8.588,-15.064],[-22.793,-9.313],[0,0],[2.501,-2.496],[0,-3.818],[0,0],[0,0],[-0.435,0.054]],"o":[[0,0],[0,0],[0,0],[0,0],[0,0],[0,0],[0,0],[0,0],[0,0],[0,0],[0.007,0.771],[0.555,18.448],[12.075,21.202],[0,0],[-3.817,0],[-2.496,2.501],[0,0],[0,0],[0.44,-0.049],[-0.44,-0.054]],"v":[[71.088,52.929],[71.088,50.934],[71.088,45.842],[71.088,-54.566],[71.088,-55.616],[71.088,-57.997],[-25.639,-57.997],[-53.454,-57.997],[-70.779,-57.997],[-70.779,-54.566],[-64.146,-54.566],[-64.102,-52.258],[-49.847,-1.448],[3.979,45.842],[-54.829,45.842],[-64.598,49.884],[-68.641,59.654],[71.088,59.654],[71.088,53.256],[72.404,53.1]],"c":true},"ix":2},"nm":"Path 1","mn":"ADBE Vector Shape - Group","hd":false},{"ty":"fl","c":{"a":0,"k":[0.984000052658,0.451000019148,0.411999990426,1],"ix":4},"o":{"a":0,"k":100,"ix":5},"r":1,"bm":0,"nm":"Fill 1","mn":"ADBE Vector Graphic - Fill","hd":false},{"ty":"tr","p":{"a":0,"k":[349.221,522.003],"ix":2},"a":{"a":0,"k":[0,0],"ix":1},"s":{"a":0,"k":[100,100],"ix":3},"r":{"a":0,"k":0,"ix":6},"o":{"a":0,"k":100,"ix":7},"sk":{"a":0,"k":0,"ix":4},"sa":{"a":0,"k":0,"ix":5},"nm":"Transform"}],"nm":"Group 3","np":4,"cix":2,"bm":0,"ix":3,"mn":"ADBE Vector Group","hd":false},{"ty":"gr","it":[{"ind":0,"ty":"sh","ix":1,"ks":{"a":0,"k":{"i":[[0,0],[0,0],[18.392,20.154],[12.71,1.306],[6.258,-2.028],[0,0],[12.191,-3.579],[6.564,-0.424],[0,0],[1.53,-20.227],[-5.037,-0.281],[0.035,-4.16],[12.308,1.383],[-16.521,4.821],[-10.263,2.794],[4.671,-3.8],[7.045,-8.762],[-16.238,-0.216],[-3.31,13.093],[-0.133,0.524],[0,0],[-4.177,-5.58],[-1.375,-1.768],[-0.323,-0.466],[0,0],[0,0]],"o":[[-11.403,-14.016],[0,0],[0,0],[0,0],[-6.257,2.028],[0,0],[0,0],[-6.564,0.425],[0,0],[-1.528,20.228],[5.038,0.283],[-0.035,4.159],[0,0],[16.521,-4.823],[10.263,-2.794],[-4.672,3.801],[-7.046,8.761],[16.238,0.217],[0.145,-0.573],[-0.149,1.058],[3.206,1.131],[0.627,0.963],[0.581,0.816],[8.143,12.728],[0,0],[2.808,-25.4]],"v":[[59.578,26.468],[45.97,-1.246],[54.406,-43.975],[27.797,-57.158],[34.465,-22.301],[22.699,-59.922],[-24.055,-65.51],[-4.625,-35.59],[-39.661,-64.603],[-74.793,-44.176],[-61.031,-15.661],[-25.255,-17.521],[-57.205,-4.348],[-21.81,20.029],[8.19,0.999],[21.931,3.354],[-7.775,17.405],[-4.551,32.091],[42.66,11.846],[43.074,10.21],[42.66,11.846],[55.901,25.753],[58.853,29.798],[60.225,31.749],[70.004,68.83],[73.513,69.09]],"c":true},"ix":2},"nm":"Path 1","mn":"ADBE Vector Shape - Group","hd":false},{"ty":"fl","c":{"a":0,"k":[0.20800000359,0.4,0.788000009574,1],"ix":4},"o":{"a":0,"k":100,"ix":5},"r":1,"bm":0,"nm":"Fill 1","mn":"ADBE Vector Graphic - Fill","hd":false},{"ty":"tr","p":{"a":0,"k":[370.283,479.244],"ix":2},"a":{"a":0,"k":[72,69],"ix":1},"s":{"a":0,"k":[100,100],"ix":3},"r":{"a":1,"k":[{"i":{"x":[0.667],"y":[1]},"o":{"x":[0.602],"y":[-0.994]},"t":0,"s":[4.3]},{"i":{"x":[0.878],"y":[0.45]},"o":{"x":[0.246],"y":[-0.084]},"t":71,"s":[-5.7]},{"t":150,"s":[4.3]}],"ix":6},"o":{"a":0,"k":100,"ix":7},"sk":{"a":0,"k":0,"ix":4},"sa":{"a":0,"k":0,"ix":5},"nm":"Transform"}],"nm":"Group 4","np":2,"cix":2,"bm":0,"ix":4,"mn":"ADBE Vector Group","hd":false},{"ty":"gr","it":[{"ind":0,"ty":"sh","ix":1,"ks":{"a":0,"k":{"i":[[0.024,-0.017],[-0.003,0.003],[-0.651,0.666],[-0.003,0.003]],"o":[[0,0],[0.714,-0.734],[0.002,-0.002],[-1.138,1.449]],"v":[[60.978,51.356],[60.981,51.353],[63.032,49.253],[63.04,49.246]],"c":true},"ix":2},"nm":"Path 1","mn":"ADBE Vector Shape - Group","hd":false},{"ind":1,"ty":"sh","ix":2,"ks":{"a":0,"k":{"i":[[7.507,34.75],[17.918,13.044],[7.249,-16.101],[2.834,0.618],[-6.862,19.166],[0,0],[4.434,4.189],[16.054,3.956],[10.21,5.09],[0,0],[19.94,-28.994],[-7.307,-4.817],[3.681,-6.206],[17.247,12.812],[-28.979,-7.184],[-17.825,-4.762],[10.317,-1.625],[18.207,-6.989],[3.382,-1.444],[-18.437,-11.057],[-7.351,-2.834],[-2.697,-0.871],[-8.203,-1.027],[-7.307,7.469],[-1.396,-12.008],[-0.522,-3.86],[-0.078,-0.981],[0,0],[0,0],[0,0],[0,0],[0,0],[-5.404,1.682]],"o":[[0,0],[0,0],[-2.467,5.492],[-7.165,-1.555],[3.808,-10.645],[0,0],[-13.322,-12.593],[0,0],[-10.215,-5.09],[0,0],[-19.939,28.993],[7.307,4.815],[-3.68,6.206],[0,0],[28.974,7.185],[17.83,4.768],[-10.322,1.625],[-4.312,1.654],[-10.905,4.654],[5.531,3.318],[2.584,0.988],[8.212,2.673],[14.943,1.88],[3.819,4.491],[0.098,1.992],[0.158,1.731],[1.101,26.187],[0,0],[26.37,-35.632],[-4.869,-30.961],[0,0],[0.025,-0.004],[16.367,-5.085]],"v":[[127.29,-22.091],[98.893,-65.069],[86.495,-15.323],[78.483,-6.993],[86.495,-54.815],[93.661,-73.658],[86.495,-80.583],[28.443,-122.832],[31.468,-61.016],[4.246,-135.082],[-66.248,-135.106],[-70.491,-80.348],[-15.229,-51.927],[-74.626,-60.051],[-42.818,7.377],[18.757,5.018],[37.307,20.539],[-19.492,15.688],[-31.258,20.24],[-27.47,40.522],[-7.814,49.915],[0.12,52.718],[25.149,58.479],[60.976,51.358],[68.697,83.75],[69.596,92.408],[69.95,96.532],[52.259,160.651],[57.296,164.1],[73.584,88.04],[77.36,34.616],[77.36,34.614],[86.495,32.28]],"c":true},"ix":2},"nm":"Path 2","mn":"ADBE Vector Shape - Group","hd":false},{"ty":"mm","mm":1,"nm":"Merge Paths 1","mn":"ADBE Vector Filter - Merge","hd":false},{"ty":"fl","c":{"a":0,"k":[0.426999978458,0.536999990426,0.816000007181,1],"ix":4},"o":{"a":0,"k":100,"ix":5},"r":1,"bm":0,"nm":"Fill 1","mn":"ADBE Vector Graphic - Fill","hd":false},{"ty":"tr","p":{"a":0,"k":[390.814,484.014],"ix":2},"a":{"a":0,"k":[57,158],"ix":1},"s":{"a":0,"k":[100,100],"ix":3},"r":{"a":1,"k":[{"i":{"x":[0.667],"y":[1]},"o":{"x":[0.333],"y":[0]},"t":0,"s":[0]},{"i":{"x":[0.667],"y":[1]},"o":{"x":[0.333],"y":[0]},"t":65,"s":[5]},{"t":150,"s":[0]}],"ix":6},"o":{"a":0,"k":100,"ix":7},"sk":{"a":0,"k":0,"ix":4},"sa":{"a":0,"k":0,"ix":5},"nm":"Transform"}],"nm":"Group 5","np":6,"cix":2,"bm":0,"ix":5,"mn":"ADBE Vector Group","hd":false},{"ty":"gr","it":[{"ind":0,"ty":"sh","ix":1,"ks":{"a":0,"k":{"i":[[0,0],[-0.44,-0.054],[0.44,-0.049],[0,0],[0,0],[-52.125,7.2],[-7.567,2.834],[0,0],[-1.649,0.685],[-4.15,1.997],[-2.677,1.355],[-8.477,4.302],[-3.661,1.747],[-8.135,3.034],[-30.781,-3],[-3.171,-0.432]],"o":[[0.436,0.059],[-0.435,0.054],[0,0],[0,0],[0,0],[7.596,-1.047],[0,0],[1.649,-0.622],[4.092,-1.679],[2.644,-1.268],[7.954,-4.029],[3.534,-1.792],[7.489,-3.574],[23.057,-8.6],[3.205,0.314],[0,0]],"v":[[126.314,39.974],[127.63,40.145],[126.314,40.301],[126.314,48.745],[-126.004,48.485],[-69.797,14.518],[-47.117,8.513],[-47.112,8.513],[-42.164,6.56],[-29.811,1.015],[-21.833,-2.925],[2.751,-15.606],[13.543,-20.931],[36.939,-30.964],[116.751,-42.041],[126.314,-40.924]],"c":true},"ix":2},"nm":"Path 1","mn":"ADBE Vector Shape - Group","hd":false},{"ty":"fl","c":{"a":0,"k":[0.226999993418,0.289999988032,0.808000033509,1],"ix":4},"o":{"a":0,"k":100,"ix":5},"r":1,"bm":0,"nm":"Fill 1","mn":"ADBE Vector Graphic - Fill","hd":false},{"ty":"tr","p":{"a":0,"k":[293.996,534.959],"ix":2},"a":{"a":0,"k":[0,0],"ix":1},"s":{"a":0,"k":[100,100],"ix":3},"r":{"a":0,"k":0,"ix":6},"o":{"a":0,"k":100,"ix":7},"sk":{"a":0,"k":0,"ix":4},"sa":{"a":0,"k":0,"ix":5},"nm":"Transform"}],"nm":"Group 6","np":4,"cix":2,"bm":0,"ix":6,"mn":"ADBE Vector Group","hd":false},{"ty":"gr","it":[{"ind":0,"ty":"sh","ix":1,"ks":{"a":0,"k":{"i":[[0,0],[-0.44,-0.054],[0.44,-0.049],[0,0],[35.504,0.362],[-133.009,106.843],[-18.931,35.504],[-53.687,10.44],[-0.21,0.039],[0,0],[0.969,-13.274],[0,0],[0,0],[3.808,-10.646],[0,0],[0,0],[0,0],[16.367,-5.085]],"o":[[0.436,0.059],[-0.435,0.054],[0,0],[-129.5,0.303],[-112.07,-1.14],[75.402,-60.573],[41.421,-77.678],[0.21,-0.044],[0,0],[0.871,10.259],[0,0],[4.434,4.19],[0,0],[0,0],[7.249,-16.102],[17.918,13.044],[7.508,34.75],[0,0]],"v":[[210.309,279.826],[211.625,279.997],[210.309,280.153],[210.309,288.758],[-61.601,288.792],[-88.544,-70.594],[62.382,-164.928],[209.683,-284.771],[210.309,-284.893],[210.309,-278.628],[210.309,-243.418],[210.309,-49.676],[217.475,-42.75],[210.309,-23.907],[210.309,15.585],[222.706,-34.161],[251.103,8.816],[210.309,63.187]],"c":true},"ix":2},"nm":"Path 1","mn":"ADBE Vector Shape - Group","hd":false},{"ty":"fl","c":{"a":0,"k":[0.851000019148,0.913999968884,0.995999983245,1],"ix":4},"o":{"a":0,"k":100,"ix":5},"r":1,"bm":0,"nm":"Fill 1","mn":"ADBE Vector Graphic - Fill","hd":false},{"ty":"tr","p":{"a":0,"k":[210,295.107],"ix":2},"a":{"a":0,"k":[0,0],"ix":1},"s":{"a":0,"k":[100,100],"ix":3},"r":{"a":0,"k":0,"ix":6},"o":{"a":0,"k":100,"ix":7},"sk":{"a":0,"k":0,"ix":4},"sa":{"a":0,"k":0,"ix":5},"nm":"Transform"}],"nm":"Group 7","np":4,"cix":2,"bm":0,"ix":7,"mn":"ADBE Vector Group","hd":false}],"ip":0,"op":350,"st":0,"bm":0}],"markers":[]}