{"v":"5.5.7","meta":{"g":"LottieFiles AE 0.1.20","a":"","k":"","d":"","tc":""},"fr":60,"ip":0,"op":600,"w":800,"h":600,"nm":"Ver 1","ddd":0,"assets":[{"id":"comp_0","layers":[{"ddd":0,"ind":1,"ty":4,"nm":"Woman","sr":1,"ks":{"o":{"a":0,"k":100,"ix":11},"r":{"a":0,"k":0,"ix":10},"p":{"a":0,"k":[606.312,250.858,0],"ix":2},"a":{"a":0,"k":[820.312,318.701,0],"ix":1},"s":{"a":0,"k":[68.851,68.851,100],"ix":6}},"ao":0,"shapes":[{"ty":"gr","it":[{"ind":0,"ty":"sh","ix":1,"ks":{"a":0,"k":{"i":[[0,0],[0,0],[0,0]],"o":[[0,0],[0,0],[0,0]],"v":[[-58.831,16.456],[40.134,37.616],[58.83,-37.616]],"c":true},"ix":2},"nm":"Path 1","mn":"ADBE Vector Shape - Group","hd":false},{"ty":"fl","c":{"a":0,"k":[0.913999968884,0.941000007181,0.957000014361,1],"ix":4},"o":{"a":0,"k":100,"ix":5},"r":1,"bm":0,"nm":"Fill 1","mn":"ADBE Vector Graphic - Fill","hd":false},{"ty":"tr","p":{"a":0,"k":[869.132,289.307],"ix":2},"a":{"a":0,"k":[0,0],"ix":1},"s":{"a":0,"k":[100,100],"ix":3},"r":{"a":0,"k":0,"ix":6},"o":{"a":0,"k":100,"ix":7},"sk":{"a":0,"k":0,"ix":4},"sa":{"a":0,"k":0,"ix":5},"nm":"Transform"}],"nm":"Group 15","np":2,"cix":2,"bm":0,"ix":1,"mn":"ADBE Vector Group","hd":false},{"ty":"gr","it":[{"ind":0,"ty":"sh","ix":1,"ks":{"a":0,"k":{"i":[[0,0],[0,0],[0,0],[0,0]],"o":[[0,0],[0,0],[0,0],[0,0]],"v":[[-49.426,-10.636],[-68.234,64.708],[49.539,10.523],[68.234,-64.708]],"c":true},"ix":2},"nm":"Path 1","mn":"ADBE Vector Shape - Group","hd":false},{"ty":"fl","c":{"a":0,"k":[0.834999952129,0.875,0.902000038297,1],"ix":4},"o":{"a":0,"k":100,"ix":5},"r":1,"bm":0,"nm":"Fill 1","mn":"ADBE Vector Graphic - Fill","hd":false},{"ty":"tr","p":{"a":0,"k":[859.731,316.399],"ix":2},"a":{"a":0,"k":[0,0],"ix":1},"s":{"a":0,"k":[100,100],"ix":3},"r":{"a":0,"k":0,"ix":6},"o":{"a":0,"k":100,"ix":7},"sk":{"a":0,"k":0,"ix":4},"sa":{"a":0,"k":0,"ix":5},"nm":"Transform"}],"nm":"Group 16","np":2,"cix":2,"bm":0,"ix":2,"mn":"ADBE Vector Group","hd":false},{"ty":"gr","it":[{"ind":0,"ty":"sh","ix":1,"ks":{"a":0,"k":{"i":[[0,0],[0,0],[0,0],[0,0]],"o":[[0,0],[0,0],[0,0],[0,0]],"v":[[61.07,-24.966],[56.591,-29.107],[-61.07,24.965],[-56.591,29.108]],"c":true},"ix":2},"nm":"Path 1","mn":"ADBE Vector Shape - Group","hd":false},{"ty":"fl","c":{"a":0,"k":[0.823999980852,0.816000007181,0.816000007181,1],"ix":4},"o":{"a":0,"k":100,"ix":5},"r":1,"bm":0,"nm":"Fill 1","mn":"ADBE Vector Graphic - Fill","hd":false},{"ty":"tr","p":{"a":0,"k":[866.899,276.66],"ix":2},"a":{"a":0,"k":[0,0],"ix":1},"s":{"a":0,"k":[100,100],"ix":3},"r":{"a":0,"k":0,"ix":6},"o":{"a":0,"k":100,"ix":7},"sk":{"a":0,"k":0,"ix":4},"sa":{"a":0,"k":0,"ix":5},"nm":"Transform"}],"nm":"Group 17","np":2,"cix":2,"bm":0,"ix":3,"mn":"ADBE Vector Group","hd":false},{"ty":"gr","it":[{"ind":0,"ty":"sh","ix":1,"ks":{"a":0,"k":{"i":[[0,0],[0,0],[0,0],[0,0]],"o":[[0,0],[0,0],[0,0],[0,0]],"v":[[11.643,-35.6],[7.164,-39.743],[-11.643,35.601],[-7.164,39.743]],"c":true},"ix":2},"nm":"Path 1","mn":"ADBE Vector Shape - Group","hd":false},{"ty":"fl","c":{"a":0,"k":[0.741000007181,0.732999973671,0.732999973671,1],"ix":4},"o":{"a":0,"k":100,"ix":5},"r":1,"bm":0,"nm":"Fill 1","mn":"ADBE Vector Graphic - Fill","hd":false},{"ty":"tr","p":{"a":0,"k":[798.657,341.369],"ix":2},"a":{"a":0,"k":[0,0],"ix":1},"s":{"a":0,"k":[100,100],"ix":3},"r":{"a":0,"k":0,"ix":6},"o":{"a":0,"k":100,"ix":7},"sk":{"a":0,"k":0,"ix":4},"sa":{"a":0,"k":0,"ix":5},"nm":"Transform"}],"nm":"Group 18","np":2,"cix":2,"bm":0,"ix":4,"mn":"ADBE Vector Group","hd":false},{"ty":"gr","it":[{"ind":0,"ty":"sh","ix":1,"ks":{"a":1,"k":[{"i":{"x":0.667,"y":1},"o":{"x":0.333,"y":0},"t":-247.732,"s":[{"i":[[-38.063,8.06],[-1.679,-25.077],[0,0],[-7.389,-2.687],[-4.703,-13.21],[15.226,16.681]],"o":[[9.292,-1.903],[1.791,25.077],[0,0],[0,0],[0,0],[-15.001,-16.681]],"v":[[-34.201,-82.564],[-7.557,-55.472],[-1.624,39.686],[72.265,55.584],[64.316,73.496],[-25.581,67.786]],"c":true}]},{"i":{"x":0.667,"y":1},"o":{"x":0.333,"y":0},"t":-181.422,"s":[{"i":[[-38.063,8.06],[-1.679,-25.077],[0,0],[-7.389,-2.687],[-4.703,-13.21],[15.226,16.681]],"o":[[9.292,-1.903],[1.791,25.077],[0,0],[0,0],[0,0],[-15.001,-16.681]],"v":[[-34.201,-82.564],[-7.557,-55.472],[14.535,41.683],[84.973,83.18],[77.025,101.092],[-11.42,63.066]],"c":true}]},{"i":{"x":0.667,"y":1},"o":{"x":0.333,"y":0},"t":-98,"s":[{"i":[[-42.82,12.078],[-1.679,-25.077],[0,0],[-7.389,-2.687],[-4.703,-13.21],[15.226,16.681]],"o":[[9.292,-1.903],[1.791,25.077],[0,0],[0,0],[0,0],[-15.001,-16.681]],"v":[[-34.201,-82.564],[-7.557,-55.472],[29.785,34.421],[100.859,76.009],[92.911,93.921],[3.83,55.804]],"c":true}]},{"i":{"x":0.667,"y":1},"o":{"x":0.333,"y":0},"t":-30.031,"s":[{"i":[[-41.554,11.009],[-1.679,-25.077],[0,0],[-7.389,-2.687],[-4.703,-13.21],[15.226,16.681]],"o":[[9.292,-1.903],[1.791,25.077],[0,0],[0,0],[0,0],[-15.001,-16.681]],"v":[[-34.201,-82.564],[-7.557,-55.472],[27.178,38.714],[98.887,84.568],[90.939,102.48],[1.223,61.731]],"c":true}]},{"i":{"x":0.667,"y":1},"o":{"x":0.333,"y":0},"t":31.605,"s":[{"i":[[-38.063,8.06],[-1.679,-25.077],[0,0],[-7.389,-2.687],[-4.703,-13.21],[15.226,16.681]],"o":[[9.292,-1.903],[1.791,25.077],[0,0],[0,0],[0,0],[-15.001,-16.681]],"v":[[-34.201,-82.564],[-7.557,-55.472],[14.535,41.683],[84.973,83.18],[77.025,101.092],[-11.42,63.066]],"c":true}]},{"i":{"x":0.667,"y":1},"o":{"x":0.333,"y":0},"t":111.627,"s":[{"i":[[-42.82,12.078],[-1.679,-25.077],[0,0],[-7.389,-2.687],[-4.703,-13.21],[15.226,16.681]],"o":[[9.292,-1.903],[1.791,25.077],[0,0],[0,0],[0,0],[-15.001,-16.681]],"v":[[-34.201,-82.564],[-7.557,-55.472],[29.785,34.421],[100.859,76.009],[92.911,93.921],[3.83,55.804]],"c":true}]},{"i":{"x":0.667,"y":1},"o":{"x":0.333,"y":0},"t":199.326,"s":[{"i":[[-41.554,11.009],[-1.679,-25.077],[0,0],[-7.389,-2.687],[-4.703,-13.21],[15.226,16.681]],"o":[[9.292,-1.903],[1.791,25.077],[0,0],[0,0],[0,0],[-15.001,-16.681]],"v":[[-34.201,-82.564],[-7.557,-55.472],[27.178,38.714],[98.887,84.568],[90.939,102.48],[1.223,61.731]],"c":true}]},{"i":{"x":0.667,"y":1},"o":{"x":0.333,"y":0},"t":278.471,"s":[{"i":[[-38.063,8.06],[-1.679,-25.077],[0,0],[-7.389,-2.687],[-4.703,-13.21],[15.226,16.681]],"o":[[9.292,-1.903],[1.791,25.077],[0,0],[0,0],[0,0],[-15.001,-16.681]],"v":[[-34.201,-82.564],[-7.557,-55.472],[14.535,41.683],[84.973,83.18],[77.025,101.092],[-11.42,63.066]],"c":true}]},{"i":{"x":0.667,"y":1},"o":{"x":0.333,"y":0},"t":352.268,"s":[{"i":[[-38.063,8.06],[-1.679,-25.077],[0,0],[-7.389,-2.687],[-4.703,-13.21],[15.226,16.681]],"o":[[9.292,-1.903],[1.791,25.077],[0,0],[0,0],[0,0],[-15.001,-16.681]],"v":[[-34.201,-82.564],[-7.557,-55.472],[-1.624,39.686],[72.265,55.584],[64.316,73.496],[-25.581,67.786]],"c":true}]},{"i":{"x":0.667,"y":1},"o":{"x":0.333,"y":0},"t":418.578,"s":[{"i":[[-38.063,8.06],[-1.679,-25.077],[0,0],[-7.389,-2.687],[-4.703,-13.21],[15.226,16.681]],"o":[[9.292,-1.903],[1.791,25.077],[0,0],[0,0],[0,0],[-15.001,-16.681]],"v":[[-34.201,-82.564],[-7.557,-55.472],[14.535,41.683],[84.973,83.18],[77.025,101.092],[-11.42,63.066]],"c":true}]},{"i":{"x":0.667,"y":1},"o":{"x":0.333,"y":0},"t":502,"s":[{"i":[[-42.82,12.078],[-1.679,-25.077],[0,0],[-7.389,-2.687],[-4.703,-13.21],[15.226,16.681]],"o":[[9.292,-1.903],[1.791,25.077],[0,0],[0,0],[0,0],[-15.001,-16.681]],"v":[[-34.201,-82.564],[-7.557,-55.472],[29.785,34.421],[100.859,76.009],[92.911,93.921],[3.83,55.804]],"c":true}]},{"i":{"x":0.667,"y":1},"o":{"x":0.333,"y":0},"t":569.969,"s":[{"i":[[-41.554,11.009],[-1.679,-25.077],[0,0],[-7.389,-2.687],[-4.703,-13.21],[15.226,16.681]],"o":[[9.292,-1.903],[1.791,25.077],[0,0],[0,0],[0,0],[-15.001,-16.681]],"v":[[-34.201,-82.564],[-7.557,-55.472],[27.178,38.714],[98.887,84.568],[90.939,102.48],[1.223,61.731]],"c":true}]},{"i":{"x":0.667,"y":1},"o":{"x":0.333,"y":0},"t":631.605,"s":[{"i":[[-38.063,8.06],[-1.679,-25.077],[0,0],[-7.389,-2.687],[-4.703,-13.21],[15.226,16.681]],"o":[[9.292,-1.903],[1.791,25.077],[0,0],[0,0],[0,0],[-15.001,-16.681]],"v":[[-34.201,-82.564],[-7.557,-55.472],[14.535,41.683],[84.973,83.18],[77.025,101.092],[-11.42,63.066]],"c":true}]},{"i":{"x":0.667,"y":1},"o":{"x":0.333,"y":0},"t":711.627,"s":[{"i":[[-42.82,12.078],[-1.679,-25.077],[0,0],[-7.389,-2.687],[-4.703,-13.21],[15.226,16.681]],"o":[[9.292,-1.903],[1.791,25.077],[0,0],[0,0],[0,0],[-15.001,-16.681]],"v":[[-34.201,-82.564],[-7.557,-55.472],[29.785,34.421],[100.859,76.009],[92.911,93.921],[3.83,55.804]],"c":true}]},{"i":{"x":0.667,"y":1},"o":{"x":0.333,"y":0},"t":799.326,"s":[{"i":[[-41.554,11.009],[-1.679,-25.077],[0,0],[-7.389,-2.687],[-4.703,-13.21],[15.226,16.681]],"o":[[9.292,-1.903],[1.791,25.077],[0,0],[0,0],[0,0],[-15.001,-16.681]],"v":[[-34.201,-82.564],[-7.557,-55.472],[27.178,38.714],[98.887,84.568],[90.939,102.48],[1.223,61.731]],"c":true}]},{"i":{"x":0.667,"y":1},"o":{"x":0.333,"y":0},"t":878.471,"s":[{"i":[[-38.063,8.06],[-1.679,-25.077],[0,0],[-7.389,-2.687],[-4.703,-13.21],[15.226,16.681]],"o":[[9.292,-1.903],[1.791,25.077],[0,0],[0,0],[0,0],[-15.001,-16.681]],"v":[[-34.201,-82.564],[-7.557,-55.472],[14.535,41.683],[84.973,83.18],[77.025,101.092],[-11.42,63.066]],"c":true}]},{"t":952.267578125,"s":[{"i":[[-38.063,8.06],[-1.679,-25.077],[0,0],[-7.389,-2.687],[-4.703,-13.21],[15.226,16.681]],"o":[[9.292,-1.903],[1.791,25.077],[0,0],[0,0],[0,0],[-15.001,-16.681]],"v":[[-34.201,-82.564],[-7.557,-55.472],[-1.624,39.686],[72.265,55.584],[64.316,73.496],[-25.581,67.786]],"c":true}]}],"ix":2},"nm":"Path 1","mn":"ADBE Vector Shape - Group","hd":false},{"ty":"fl","c":{"a":0,"k":[0.552999997606,0.875,1,1],"ix":4},"o":{"a":0,"k":100,"ix":5},"r":1,"bm":0,"nm":"Fill 1","mn":"ADBE Vector Graphic - Fill","hd":false},{"ty":"tr","p":{"a":0,"k":[670.303,221.637],"ix":2},"a":{"a":0,"k":[0,0],"ix":1},"s":{"a":0,"k":[100,100],"ix":3},"r":{"a":0,"k":0,"ix":6},"o":{"a":0,"k":100,"ix":7},"sk":{"a":0,"k":0,"ix":4},"sa":{"a":0,"k":0,"ix":5},"nm":"Transform"}],"nm":"Group 1","np":2,"cix":2,"bm":0,"ix":5,"mn":"ADBE Vector Group","hd":false},{"ty":"gr","it":[{"ind":0,"ty":"sh","ix":1,"ks":{"a":0,"k":{"i":[[-1.567,-0.672],[-8.174,-8.06],[-6.158,-1.791],[-0.671,0],[7.277,7.724],[4.59,1.12]],"o":[[3.022,1.231],[8.172,8.061],[0.895,0.224],[-4.701,-5.262],[-9.068,-9.628],[-0.559,3.359]],"v":[[-21.551,-11.251],[-8.564,-2.967],[21.999,17.968],[24.349,18.416],[4.198,-3.638],[-23.79,-18.416]],"c":true},"ix":2},"nm":"Path 1","mn":"ADBE Vector Shape - Group","hd":false},{"ty":"fl","c":{"a":0,"k":[0.859000052658,0.588000009574,0.411999990426,1],"ix":4},"o":{"a":0,"k":100,"ix":5},"r":1,"bm":0,"nm":"Fill 1","mn":"ADBE Vector Graphic - Fill","hd":false},{"ty":"tr","p":{"a":1,"k":[{"i":{"x":0.667,"y":1},"o":{"x":0.333,"y":0},"t":-247.732,"s":[755.841,305.037],"to":[1.793,4.552],"ti":[-1.793,-4.552]},{"i":{"x":0.667,"y":1},"o":{"x":0.333,"y":0},"t":-181.422,"s":[766.599,332.351],"to":[0,0],"ti":[0,0]},{"i":{"x":0.667,"y":1},"o":{"x":0.333,"y":0},"t":-98,"s":[781.982,324.895],"to":[0,0],"ti":[1.115,-0.54]},{"i":{"x":0.667,"y":1},"o":{"x":0.333,"y":0},"t":-30.031,"s":[781.772,333.346],"to":[-4.074,1.975],"ti":[-1.793,-4.552]},{"i":{"x":0.667,"y":1},"o":{"x":0.333,"y":0},"t":31.605,"s":[766.599,332.351],"to":[0,0],"ti":[0,0]},{"i":{"x":0.667,"y":1},"o":{"x":0.333,"y":0},"t":111.627,"s":[781.982,324.895],"to":[0,0],"ti":[1.115,-0.54]},{"i":{"x":0.667,"y":1},"o":{"x":0.333,"y":0},"t":199.326,"s":[781.772,333.346],"to":[-4.074,1.975],"ti":[-1.793,-4.552]},{"i":{"x":0.667,"y":1},"o":{"x":0.333,"y":0},"t":278.471,"s":[766.599,332.351],"to":[0,0],"ti":[0,0]},{"i":{"x":0.667,"y":1},"o":{"x":0.333,"y":0},"t":352.268,"s":[755.841,305.037],"to":[0,0],"ti":[-1.793,-4.552]},{"i":{"x":0.667,"y":1},"o":{"x":0.333,"y":0},"t":418.578,"s":[766.599,332.351],"to":[0,0],"ti":[0,0]},{"i":{"x":0.667,"y":1},"o":{"x":0.333,"y":0},"t":502,"s":[781.982,324.895],"to":[0,0],"ti":[1.115,-0.54]},{"i":{"x":0.667,"y":1},"o":{"x":0.333,"y":0},"t":569.969,"s":[781.772,333.346],"to":[-4.074,1.975],"ti":[-1.793,-4.552]},{"i":{"x":0.667,"y":1},"o":{"x":0.333,"y":0},"t":631.605,"s":[766.599,332.351],"to":[0,0],"ti":[0,0]},{"i":{"x":0.667,"y":1},"o":{"x":0.333,"y":0},"t":711.627,"s":[781.982,324.895],"to":[0,0],"ti":[1.115,-0.54]},{"i":{"x":0.667,"y":1},"o":{"x":0.333,"y":0},"t":799.326,"s":[781.772,333.346],"to":[-4.074,1.975],"ti":[-1.793,-4.552]},{"i":{"x":0.667,"y":1},"o":{"x":0.333,"y":0},"t":878.471,"s":[766.599,332.351],"to":[0,0],"ti":[1.793,4.552]},{"t":952.267578125,"s":[755.841,305.037]}],"ix":2},"a":{"a":0,"k":[0,0],"ix":1},"s":{"a":0,"k":[100,100],"ix":3},"r":{"a":0,"k":0,"ix":6},"o":{"a":0,"k":100,"ix":7},"sk":{"a":0,"k":0,"ix":4},"sa":{"a":0,"k":0,"ix":5},"nm":"Transform"}],"nm":"Group 2","np":2,"cix":2,"bm":0,"ix":6,"mn":"ADBE Vector Group","hd":false},{"ty":"gr","it":[{"ind":0,"ty":"sh","ix":1,"ks":{"a":0,"k":{"i":[[-10.412,3.806],[-6.606,-8.62],[-2.015,-7.837],[6.158,1.791],[8.173,8.06],[3.022,1.231]],"o":[[0,0],[6.604,8.62],[1.904,7.836],[-6.157,-1.791],[-8.283,-8.061],[-3.024,-1.232]],"v":[[-17.744,-23.006],[8.565,-13.154],[26.252,12.371],[20.319,21.215],[-10.244,0.28],[-23.229,-8.004]],"c":true},"ix":2},"nm":"Path 1","mn":"ADBE Vector Shape - Group","hd":false},{"ty":"fl","c":{"a":0,"k":[0.936999990426,0.694000004787,0.522000002394,1],"ix":4},"o":{"a":0,"k":100,"ix":5},"r":1,"bm":0,"nm":"Fill 1","mn":"ADBE Vector Graphic - Fill","hd":false},{"ty":"tr","p":{"a":1,"k":[{"i":{"x":0.667,"y":1},"o":{"x":0.333,"y":0},"t":-247.732,"s":[757.631,301.794],"to":[1.793,4.552],"ti":[-1.793,-4.552]},{"i":{"x":0.667,"y":1},"o":{"x":0.333,"y":0},"t":-181.422,"s":[768.388,329.108],"to":[0,0],"ti":[0,0]},{"i":{"x":0.667,"y":1},"o":{"x":0.333,"y":0},"t":-98,"s":[783.344,321.494],"to":[0,0],"ti":[1.084,-0.552]},{"i":{"x":0.667,"y":1},"o":{"x":0.333,"y":0},"t":-30.031,"s":[783.502,330.143],"to":[-3.961,2.017],"ti":[-1.793,-4.552]},{"i":{"x":0.667,"y":1},"o":{"x":0.333,"y":0},"t":31.605,"s":[768.388,329.108],"to":[0,0],"ti":[0,0]},{"i":{"x":0.667,"y":1},"o":{"x":0.333,"y":0},"t":111.627,"s":[783.344,321.494],"to":[0,0],"ti":[1.084,-0.552]},{"i":{"x":0.667,"y":1},"o":{"x":0.333,"y":0},"t":199.326,"s":[783.502,330.143],"to":[-3.961,2.017],"ti":[-1.793,-4.552]},{"i":{"x":0.667,"y":1},"o":{"x":0.333,"y":0},"t":278.471,"s":[768.388,329.108],"to":[0,0],"ti":[0,0]},{"i":{"x":0.667,"y":1},"o":{"x":0.333,"y":0},"t":352.268,"s":[757.631,301.794],"to":[0,0],"ti":[-1.793,-4.552]},{"i":{"x":0.667,"y":1},"o":{"x":0.333,"y":0},"t":418.578,"s":[768.388,329.108],"to":[0,0],"ti":[0,0]},{"i":{"x":0.667,"y":1},"o":{"x":0.333,"y":0},"t":502,"s":[783.344,321.494],"to":[0,0],"ti":[1.084,-0.552]},{"i":{"x":0.667,"y":1},"o":{"x":0.333,"y":0},"t":569.969,"s":[783.502,330.143],"to":[-3.961,2.017],"ti":[-1.793,-4.552]},{"i":{"x":0.667,"y":1},"o":{"x":0.333,"y":0},"t":631.605,"s":[768.388,329.108],"to":[0,0],"ti":[0,0]},{"i":{"x":0.667,"y":1},"o":{"x":0.333,"y":0},"t":711.627,"s":[783.344,321.494],"to":[0,0],"ti":[1.084,-0.552]},{"i":{"x":0.667,"y":1},"o":{"x":0.333,"y":0},"t":799.326,"s":[783.502,330.143],"to":[-3.961,2.017],"ti":[-1.793,-4.552]},{"i":{"x":0.667,"y":1},"o":{"x":0.333,"y":0},"t":878.471,"s":[768.388,329.108],"to":[0,0],"ti":[1.793,4.552]},{"t":952.267578125,"s":[757.631,301.794]}],"ix":2},"a":{"a":0,"k":[0,0],"ix":1},"s":{"a":0,"k":[100,100],"ix":3},"r":{"a":0,"k":0,"ix":6},"o":{"a":0,"k":100,"ix":7},"sk":{"a":0,"k":0,"ix":4},"sa":{"a":0,"k":0,"ix":5},"nm":"Transform"}],"nm":"Group 3","np":2,"cix":2,"bm":0,"ix":7,"mn":"ADBE Vector Group","hd":false},{"ty":"gr","it":[{"ind":0,"ty":"sh","ix":1,"ks":{"a":0,"k":{"i":[[0,0],[8.844,-4.366],[-3.919,-7.948],[-6.829,0.671]],"o":[[0,0],[-2.799,1.343],[3.918,7.949],[0,0]],"v":[[7.557,-0.728],[-5.653,-11.698],[-7.668,0.727],[11.587,15.393]],"c":true},"ix":2},"nm":"Path 1","mn":"ADBE Vector Shape - Group","hd":false},{"ty":"fl","c":{"a":0,"k":[0.944999964097,0.698000021542,0.528999956916,1],"ix":4},"o":{"a":0,"k":100,"ix":5},"r":1,"bm":0,"nm":"Fill 1","mn":"ADBE Vector Graphic - Fill","hd":false},{"ty":"tr","p":{"a":1,"k":[{"i":{"x":0.667,"y":1},"o":{"x":0.333,"y":0},"t":0,"s":[681.61,76.544],"to":[0,0.625],"ti":[0,-0.625]},{"i":{"x":0.667,"y":0.667},"o":{"x":0.333,"y":0.333},"t":60,"s":[681.61,80.294],"to":[0,0],"ti":[0,0]},{"i":{"x":0.667,"y":1},"o":{"x":0.333,"y":0},"t":147,"s":[681.61,80.294],"to":[0,-0.625],"ti":[0,0.625]},{"i":{"x":0.667,"y":0.667},"o":{"x":0.167,"y":0.167},"t":207,"s":[681.61,76.544],"to":[0,0],"ti":[0,0]},{"i":{"x":0.667,"y":1},"o":{"x":0.333,"y":0},"t":348,"s":[681.61,76.544],"to":[0,0.625],"ti":[0,-0.625]},{"i":{"x":0.667,"y":0.667},"o":{"x":0.333,"y":0.333},"t":408,"s":[681.61,80.294],"to":[0,0],"ti":[0,0]},{"i":{"x":0.667,"y":1},"o":{"x":0.333,"y":0},"t":495,"s":[681.61,80.294],"to":[0,-0.625],"ti":[0,0.625]},{"t":555,"s":[681.61,76.544]}],"ix":2},"a":{"a":0,"k":[0,0],"ix":1},"s":{"a":0,"k":[100,100],"ix":3},"r":{"a":1,"k":[{"i":{"x":[0.667],"y":[1]},"o":{"x":[0.333],"y":[0]},"t":0,"s":[0]},{"i":{"x":[0.667],"y":[1]},"o":{"x":[0.333],"y":[0]},"t":60,"s":[15]},{"i":{"x":[0.667],"y":[1]},"o":{"x":[0.333],"y":[0]},"t":147,"s":[15]},{"i":{"x":[0.667],"y":[1]},"o":{"x":[0.167],"y":[0]},"t":207,"s":[0]},{"i":{"x":[0.667],"y":[1]},"o":{"x":[0.333],"y":[0]},"t":348,"s":[0]},{"i":{"x":[0.667],"y":[1]},"o":{"x":[0.333],"y":[0]},"t":408,"s":[15]},{"i":{"x":[0.667],"y":[1]},"o":{"x":[0.333],"y":[0]},"t":495,"s":[15]},{"t":555,"s":[0]}],"ix":6},"o":{"a":0,"k":100,"ix":7},"sk":{"a":0,"k":0,"ix":4},"sa":{"a":0,"k":0,"ix":5},"nm":"Transform"}],"nm":"Group 4","np":2,"cix":2,"bm":0,"ix":8,"mn":"ADBE Vector Group","hd":false},{"ty":"gr","it":[{"ind":0,"ty":"sh","ix":1,"ks":{"a":0,"k":{"i":[[-8.396,-25.413],[-5.933,-25.637],[68.514,-19.592]],"o":[[0,0],[0,0],[0,0]],"v":[[14.441,4.659],[34.257,28.057],[-34.257,-24]],"c":true},"ix":2},"nm":"Path 1","mn":"ADBE Vector Shape - Group","hd":false},{"ty":"fl","c":{"a":0,"k":[0.187999994615,0.093999997307,0.023999999551,1],"ix":4},"o":{"a":0,"k":100,"ix":5},"r":1,"bm":0,"nm":"Fill 1","mn":"ADBE Vector Graphic - Fill","hd":false},{"ty":"tr","p":{"a":1,"k":[{"i":{"x":0.667,"y":1},"o":{"x":0.333,"y":0},"t":0,"s":[712.907,28.057],"to":[0.5,0.5],"ti":[-0.5,-0.5]},{"i":{"x":0.667,"y":0.667},"o":{"x":0.333,"y":0.333},"t":60,"s":[715.907,31.057],"to":[0,0],"ti":[0,0]},{"i":{"x":0.667,"y":1},"o":{"x":0.333,"y":0},"t":147,"s":[715.907,31.057],"to":[-0.5,-0.5],"ti":[0.5,0.5]},{"i":{"x":0.667,"y":0.667},"o":{"x":0.167,"y":0.167},"t":207,"s":[712.907,28.057],"to":[0,0],"ti":[0,0]},{"i":{"x":0.667,"y":1},"o":{"x":0.333,"y":0},"t":348,"s":[712.907,28.057],"to":[0.5,0.5],"ti":[-0.5,-0.5]},{"i":{"x":0.667,"y":0.667},"o":{"x":0.333,"y":0.333},"t":408,"s":[715.907,31.057],"to":[0,0],"ti":[0,0]},{"i":{"x":0.667,"y":1},"o":{"x":0.333,"y":0},"t":495,"s":[715.907,31.057],"to":[-0.5,-0.5],"ti":[0.5,0.5]},{"t":555,"s":[712.907,28.057]}],"ix":2},"a":{"a":0,"k":[0,0],"ix":1},"s":{"a":0,"k":[100,100],"ix":3},"r":{"a":0,"k":0,"ix":6},"o":{"a":0,"k":100,"ix":7},"sk":{"a":0,"k":0,"ix":4},"sa":{"a":0,"k":0,"ix":5},"nm":"Transform"}],"nm":"Group 5","np":2,"cix":2,"bm":0,"ix":9,"mn":"ADBE Vector Group","hd":false},{"ty":"gr","it":[{"ind":0,"ty":"sh","ix":1,"ks":{"a":0,"k":{"i":[[-2.015,-17.352],[-55.977,-103.107],[17.242,35.824],[-3.582,32.689],[-41.868,-8.845]],"o":[[0,0],[0,0],[-8.284,-17.24],[0,0],[0.112,0]],"v":[[45.172,-49.749],[21.552,79.779],[-36.888,46.641],[-37,-37.434],[15.505,-78.632]],"c":true},"ix":2},"nm":"Path 1","mn":"ADBE Vector Shape - Group","hd":false},{"ty":"fl","c":{"a":0,"k":[0.136999990426,0.071000005685,0.008000000785,1],"ix":4},"o":{"a":0,"k":100,"ix":5},"r":1,"bm":0,"nm":"Fill 1","mn":"ADBE Vector Graphic - Fill","hd":false},{"ty":"tr","p":{"a":0,"k":[682.179,82.465],"ix":2},"a":{"a":0,"k":[0,0],"ix":1},"s":{"a":0,"k":[100,100],"ix":3},"r":{"a":1,"k":[{"i":{"x":[0.667],"y":[1]},"o":{"x":[0.333],"y":[0]},"t":0,"s":[0]},{"i":{"x":[0.667],"y":[1]},"o":{"x":[0.333],"y":[0]},"t":60,"s":[9]},{"i":{"x":[0.667],"y":[1]},"o":{"x":[0.333],"y":[0]},"t":147,"s":[9]},{"i":{"x":[0.667],"y":[1]},"o":{"x":[0.167],"y":[0]},"t":207,"s":[0]},{"i":{"x":[0.667],"y":[1]},"o":{"x":[0.333],"y":[0]},"t":348,"s":[0]},{"i":{"x":[0.667],"y":[1]},"o":{"x":[0.333],"y":[0]},"t":408,"s":[9]},{"i":{"x":[0.667],"y":[1]},"o":{"x":[0.333],"y":[0]},"t":495,"s":[9]},{"t":555,"s":[0]}],"ix":6},"o":{"a":0,"k":100,"ix":7},"sk":{"a":0,"k":0,"ix":4},"sa":{"a":0,"k":0,"ix":5},"nm":"Transform"}],"nm":"Group 6","np":2,"cix":2,"bm":0,"ix":10,"mn":"ADBE Vector Group","hd":false},{"ty":"gr","it":[{"ind":0,"ty":"sh","ix":1,"ks":{"a":0,"k":{"i":[[-37.839,-21.606],[0.561,-27.54],[-1.119,-7.613],[17.801,-2.687],[9.627,31.122]],"o":[[0,0],[-0.11,3.023],[1.008,7.725],[-12.874,1.904],[-9.628,-31.234]],"v":[[24.685,-33.53],[33.305,-2.52],[39.014,12.258],[22.893,53.232],[-31.067,14.945]],"c":true},"ix":2},"nm":"Path 1","mn":"ADBE Vector Shape - Group","hd":false},{"ty":"fl","c":{"a":0,"k":[0.944999964097,0.698000021542,0.528999956916,1],"ix":4},"o":{"a":0,"k":100,"ix":5},"r":1,"bm":0,"nm":"Fill 1","mn":"ADBE Vector Graphic - Fill","hd":false},{"ty":"tr","p":{"a":0,"k":[704.784,55.274],"ix":2},"a":{"a":0,"k":[0,0],"ix":1},"s":{"a":0,"k":[100,100],"ix":3},"r":{"a":1,"k":[{"i":{"x":[0.667],"y":[1]},"o":{"x":[0.333],"y":[0]},"t":0,"s":[0]},{"i":{"x":[0.667],"y":[1]},"o":{"x":[0.333],"y":[0]},"t":60,"s":[12]},{"i":{"x":[0.667],"y":[1]},"o":{"x":[0.333],"y":[0]},"t":147,"s":[12]},{"i":{"x":[0.667],"y":[1]},"o":{"x":[0.167],"y":[0]},"t":207,"s":[0]},{"i":{"x":[0.667],"y":[1]},"o":{"x":[0.333],"y":[0]},"t":348,"s":[0]},{"i":{"x":[0.667],"y":[1]},"o":{"x":[0.333],"y":[0]},"t":408,"s":[12]},{"i":{"x":[0.667],"y":[1]},"o":{"x":[0.333],"y":[0]},"t":495,"s":[12]},{"t":555,"s":[0]}],"ix":6},"o":{"a":0,"k":100,"ix":7},"sk":{"a":0,"k":0,"ix":4},"sa":{"a":0,"k":0,"ix":5},"nm":"Transform"}],"nm":"Group 7","np":2,"cix":2,"bm":0,"ix":11,"mn":"ADBE Vector Group","hd":false},{"ty":"gr","it":[{"ind":0,"ty":"sh","ix":1,"ks":{"a":0,"k":{"i":[[6.829,-6.493],[0.111,-1.231],[0,0],[0,0],[3.359,-2.351]],"o":[[-1.231,1.119],[32.689,7.613],[0,0],[0,0],[6.382,30.899]],"v":[[-26.084,19.535],[-27.987,23.118],[27.987,8.341],[-13.435,-30.73],[-18.921,-27.036]],"c":true},"ix":2},"nm":"Path 1","mn":"ADBE Vector Shape - Group","hd":false},{"ty":"fl","c":{"a":0,"k":[0.859000052658,0.588000009574,0.411999990426,1],"ix":4},"o":{"a":0,"k":100,"ix":5},"r":1,"bm":0,"nm":"Fill 1","mn":"ADBE Vector Graphic - Fill","hd":false},{"ty":"tr","p":{"a":0,"k":[697.344,94.904],"ix":2},"a":{"a":0,"k":[0,0],"ix":1},"s":{"a":0,"k":[100,100],"ix":3},"r":{"a":0,"k":0,"ix":6},"o":{"a":0,"k":100,"ix":7},"sk":{"a":0,"k":0,"ix":4},"sa":{"a":0,"k":0,"ix":5},"nm":"Transform"}],"nm":"Group 8","np":2,"cix":2,"bm":0,"ix":12,"mn":"ADBE Vector Group","hd":false},{"ty":"gr","it":[{"ind":0,"ty":"sh","ix":1,"ks":{"a":0,"k":{"i":[[0,0],[-6.829,-20.375],[34.032,10.412],[-11.083,10.411],[9.292,37.28]],"o":[[0,0],[1.792,5.597],[0,0],[7.389,-6.941],[0,0]],"v":[[36.384,-19.816],[26.645,18.808],[-1.23,36.832],[-25.301,7.165],[-19.927,-47.243]],"c":true},"ix":2},"nm":"Path 1","mn":"ADBE Vector Shape - Group","hd":false},{"ty":"fl","c":{"a":0,"k":[0.910000011968,0.642999985639,0.463000009574,1],"ix":4},"o":{"a":0,"k":100,"ix":5},"r":1,"bm":0,"nm":"Fill 1","mn":"ADBE Vector Graphic - Fill","hd":false},{"ty":"tr","p":{"a":0,"k":[696.677,107.278],"ix":2},"a":{"a":0,"k":[0,0],"ix":1},"s":{"a":0,"k":[100,100],"ix":3},"r":{"a":0,"k":0,"ix":6},"o":{"a":0,"k":100,"ix":7},"sk":{"a":0,"k":0,"ix":4},"sa":{"a":0,"k":0,"ix":5},"nm":"Transform"}],"nm":"Group 9","np":2,"cix":2,"bm":0,"ix":13,"mn":"ADBE Vector Group","hd":false},{"ty":"gr","it":[{"ind":0,"ty":"sh","ix":1,"ks":{"a":0,"k":{"i":[[0,0],[0,0],[0,0],[0,0]],"o":[[0,0],[0,0],[0,0],[0,0]],"v":[[-86.426,4.366],[-26.198,47.355],[86.427,-4.478],[26.197,-47.355]],"c":true},"ix":2},"nm":"Path 1","mn":"ADBE Vector Shape - Group","hd":false},{"ty":"fl","c":{"a":0,"k":[0.889999988032,0.898000021542,0.898000021542,1],"ix":4},"o":{"a":0,"k":100,"ix":5},"r":1,"bm":0,"nm":"Fill 1","mn":"ADBE Vector Graphic - Fill","hd":false},{"ty":"tr","p":{"a":0,"k":[818.362,329.833],"ix":2},"a":{"a":0,"k":[0,0],"ix":1},"s":{"a":0,"k":[100,100],"ix":3},"r":{"a":0,"k":0,"ix":6},"o":{"a":0,"k":100,"ix":7},"sk":{"a":0,"k":0,"ix":4},"sa":{"a":0,"k":0,"ix":5},"nm":"Transform"}],"nm":"Group 19","np":2,"cix":2,"bm":0,"ix":14,"mn":"ADBE Vector Group","hd":false},{"ty":"gr","it":[{"ind":0,"ty":"sh","ix":1,"ks":{"a":0,"k":{"i":[[0,0],[0,0],[0,0],[0,0]],"o":[[0,0],[0,0],[0,0],[0,0]],"v":[[-56.143,23.845],[-56.479,27.988],[56.144,-23.734],[56.48,-27.988]],"c":true},"ix":2},"nm":"Path 1","mn":"ADBE Vector Shape - Group","hd":false},{"ty":"fl","c":{"a":0,"k":[0.490000017952,0.505999995213,0.513999968884,1],"ix":4},"o":{"a":0,"k":100,"ix":5},"r":1,"bm":0,"nm":"Fill 1","mn":"ADBE Vector Graphic - Fill","hd":false},{"ty":"tr","p":{"a":0,"k":[848.315,353.344],"ix":2},"a":{"a":0,"k":[0,0],"ix":1},"s":{"a":0,"k":[100,100],"ix":3},"r":{"a":0,"k":0,"ix":6},"o":{"a":0,"k":100,"ix":7},"sk":{"a":0,"k":0,"ix":4},"sa":{"a":0,"k":0,"ix":5},"nm":"Transform"}],"nm":"Group 20","np":2,"cix":2,"bm":0,"ix":15,"mn":"ADBE Vector Group","hd":false},{"ty":"gr","it":[{"ind":0,"ty":"sh","ix":1,"ks":{"a":0,"k":{"i":[[0,0],[0,0],[0,0],[0,0]],"o":[[0,0],[0,0],[0,0],[0,0]],"v":[[-29.946,-23.566],[-30.282,-19.423],[29.948,23.565],[30.283,19.423]],"c":true},"ix":2},"nm":"Path 1","mn":"ADBE Vector Shape - Group","hd":false},{"ty":"fl","c":{"a":0,"k":[0.705999995213,0.725,0.736999990426,1],"ix":4},"o":{"a":0,"k":100,"ix":5},"r":1,"bm":0,"nm":"Fill 1","mn":"ADBE Vector Graphic - Fill","hd":false},{"ty":"tr","p":{"a":0,"k":[761.879,357.767],"ix":2},"a":{"a":0,"k":[0,0],"ix":1},"s":{"a":0,"k":[100,100],"ix":3},"r":{"a":0,"k":0,"ix":6},"o":{"a":0,"k":100,"ix":7},"sk":{"a":0,"k":0,"ix":4},"sa":{"a":0,"k":0,"ix":5},"nm":"Transform"}],"nm":"Group 21","np":2,"cix":2,"bm":0,"ix":16,"mn":"ADBE Vector Group","hd":false},{"ty":"gr","it":[{"ind":0,"ty":"sh","ix":1,"ks":{"a":0,"k":{"i":[[0,0],[4.03,-43.997],[-11.755,2.687],[25.189,52.618],[35.6,-23.174]],"o":[[0,0],[-0.56,6.27],[0,0],[-8.061,-16.68],[0,0]],"v":[[7.949,-40.626],[-3.246,49.495],[14.442,64.497],[24.182,-39.395],[-49.37,-56.859]],"c":true},"ix":2},"nm":"Path 1","mn":"ADBE Vector Shape - Group","hd":false},{"ty":"fl","c":{"a":0,"k":[0.187999994615,0.093999997307,0.023999999551,1],"ix":4},"o":{"a":0,"k":100,"ix":5},"r":1,"bm":0,"nm":"Fill 1","mn":"ADBE Vector Graphic - Fill","hd":false},{"ty":"tr","p":{"a":0,"k":[719.883,71.434],"ix":2},"a":{"a":0,"k":[0,0],"ix":1},"s":{"a":0,"k":[100,100],"ix":3},"r":{"a":1,"k":[{"i":{"x":[0.667],"y":[1]},"o":{"x":[0.333],"y":[0]},"t":0,"s":[0]},{"i":{"x":[0.667],"y":[1]},"o":{"x":[0.333],"y":[0]},"t":60,"s":[7]},{"i":{"x":[0.667],"y":[1]},"o":{"x":[0.333],"y":[0]},"t":147,"s":[7]},{"i":{"x":[0.667],"y":[1]},"o":{"x":[0.167],"y":[0]},"t":207,"s":[0]},{"i":{"x":[0.667],"y":[1]},"o":{"x":[0.333],"y":[0]},"t":348,"s":[0]},{"i":{"x":[0.667],"y":[1]},"o":{"x":[0.333],"y":[0]},"t":408,"s":[7]},{"i":{"x":[0.667],"y":[1]},"o":{"x":[0.333],"y":[0]},"t":495,"s":[7]},{"t":555,"s":[0]}],"ix":6},"o":{"a":0,"k":100,"ix":7},"sk":{"a":0,"k":0,"ix":4},"sa":{"a":0,"k":0,"ix":5},"nm":"Transform"}],"nm":"Group 10","np":2,"cix":2,"bm":0,"ix":17,"mn":"ADBE Vector Group","hd":false},{"ty":"gr","it":[{"ind":0,"ty":"sh","ix":1,"ks":{"a":0,"k":{"i":[[0,0],[-8.956,-39.855],[6.045,-21.271],[-6.157,-0.783],[-8.284,0.336],[-2.351,38.511],[0,0]],"o":[[-7.275,19.927],[8.957,39.854],[-6.045,21.271],[8.284,1.12],[-16.456,-38.959],[2.352,-40.751],[-19.928,11.755]],"v":[[-27.933,-79.71],[-5.32,-23.958],[-16.289,74.447],[-2.632,100.979],[22.445,101.987],[32.857,-44.557],[-1.287,-102.323]],"c":true},"ix":2},"nm":"Path 1","mn":"ADBE Vector Shape - Group","hd":false},{"ty":"fl","c":{"a":0,"k":[0.372999991623,0.725,0.902000038297,1],"ix":4},"o":{"a":0,"k":100,"ix":5},"r":1,"bm":0,"nm":"Fill 1","mn":"ADBE Vector Graphic - Fill","hd":false},{"ty":"tr","p":{"a":0,"k":[653.744,226.955],"ix":2},"a":{"a":0,"k":[0,0],"ix":1},"s":{"a":0,"k":[100,100],"ix":3},"r":{"a":0,"k":0,"ix":6},"o":{"a":0,"k":100,"ix":7},"sk":{"a":0,"k":0,"ix":4},"sa":{"a":0,"k":0,"ix":5},"nm":"Transform"}],"nm":"Group 11","np":2,"cix":2,"bm":0,"ix":18,"mn":"ADBE Vector Group","hd":false},{"ty":"gr","it":[{"ind":0,"ty":"sh","ix":1,"ks":{"a":0,"k":{"i":[[-7.389,19.927],[-89.785,10.188],[2.688,-46.235],[-4.59,-6.158],[27.989,-26.868],[-11.867,-26.98],[49.819,6.27],[-6.045,21.271],[8.843,39.854]],"o":[[0,0],[0,0],[-0.448,6.717],[4.479,6.157],[0,0],[10.523,24.182],[-6.156,-0.783],[5.934,-21.383],[-9.18,-39.967]],"v":[[-72.376,-66.556],[41.029,-115.031],[52.784,-74.281],[63.531,-49.762],[51.776,6.884],[51.89,74.839],[-46.964,114.245],[-60.622,87.713],[-49.649,-10.692]],"c":true},"ix":2},"nm":"Path 1","mn":"ADBE Vector Shape - Group","hd":false},{"ty":"fl","c":{"a":0,"k":[0.46699999641,0.823999980852,1,1],"ix":4},"o":{"a":0,"k":100,"ix":5},"r":1,"bm":0,"nm":"Fill 1","mn":"ADBE Vector Graphic - Fill","hd":false},{"ty":"tr","p":{"a":0,"k":[698.185,213.8],"ix":2},"a":{"a":0,"k":[0,0],"ix":1},"s":{"a":0,"k":[100,100],"ix":3},"r":{"a":0,"k":0,"ix":6},"o":{"a":0,"k":100,"ix":7},"sk":{"a":0,"k":0,"ix":4},"sa":{"a":0,"k":0,"ix":5},"nm":"Transform"}],"nm":"Group 12","np":2,"cix":2,"bm":0,"ix":19,"mn":"ADBE Vector Group","hd":false},{"ty":"gr","it":[{"ind":0,"ty":"sh","ix":1,"ks":{"a":1,"k":[{"i":{"x":0.667,"y":1},"o":{"x":0.333,"y":0},"t":15,"s":[{"i":[[-37.279,11.083],[-3.918,-24.853],[0,0],[-7.612,-2.127],[-5.71,-12.875],[16.457,15.449]],"o":[[9.067,-2.687],[3.805,24.853],[0,0],[0,0],[0,0],[-16.681,-15.337]],"v":[[-40.246,-80.885],[-11.362,-56.143],[2.52,38.232],[77.526,47.971],[71.146,68.906],[-18.975,68.122]],"c":true}]},{"i":{"x":0.667,"y":1},"o":{"x":0.333,"y":0},"t":77,"s":[{"i":[[-37.279,11.083],[-3.918,-24.853],[0,0],[-7.612,-2.127],[-5.71,-12.875],[16.457,15.449]],"o":[[9.067,-2.687],[3.805,24.853],[0,0],[0,0],[0,0],[-16.681,-15.337]],"v":[[-40.246,-80.885],[-11.362,-56.143],[22.127,38.232],[82.609,100.259],[64.61,114.295],[-4.451,61.223]],"c":true}]},{"i":{"x":0.667,"y":1},"o":{"x":0.333,"y":0},"t":153,"s":[{"i":[[-37.279,11.083],[-3.918,-24.853],[0,0],[-7.612,-2.127],[-5.71,-12.875],[16.457,15.449]],"o":[[9.067,-2.687],[3.805,24.853],[0,0],[0,0],[0,0],[-16.681,-15.337]],"v":[[-40.246,-80.885],[-11.362,-56.143],[17.407,43.678],[73.894,112.423],[55.895,126.459],[-6.63,65.944]],"c":true}]},{"i":{"x":0.667,"y":1},"o":{"x":0.333,"y":0},"t":225,"s":[{"i":[[-37.279,11.083],[-3.918,-24.853],[0,0],[-7.612,-2.127],[-5.71,-12.875],[16.457,15.449]],"o":[[9.067,-2.687],[3.805,24.853],[0,0],[0,0],[0,0],[-16.681,-15.337]],"v":[[-40.246,-80.885],[-11.362,-56.143],[9.638,54.932],[62.569,116.158],[44.57,130.194],[-18.539,71.171]],"c":true}]},{"i":{"x":0.667,"y":1},"o":{"x":0.333,"y":0},"t":293,"s":[{"i":[[-37.279,11.083],[-3.918,-24.853],[0,0],[-7.612,-2.127],[-5.71,-12.875],[16.457,15.449]],"o":[[9.067,-2.687],[3.805,24.853],[0,0],[0,0],[0,0],[-16.681,-15.337]],"v":[[-40.246,-80.885],[-11.362,-56.143],[22.127,38.232],[82.609,100.259],[64.61,114.295],[-4.451,61.223]],"c":true}]},{"i":{"x":0.667,"y":1},"o":{"x":0.333,"y":0},"t":364,"s":[{"i":[[-37.279,11.083],[-3.918,-24.853],[0,0],[-7.612,-2.127],[-5.71,-12.875],[16.457,15.449]],"o":[[9.067,-2.687],[3.805,24.853],[0,0],[0,0],[0,0],[-16.681,-15.337]],"v":[[-40.246,-80.885],[-11.362,-56.143],[17.407,43.678],[73.894,112.423],[55.895,126.459],[-6.63,65.944]],"c":true}]},{"i":{"x":0.667,"y":1},"o":{"x":0.333,"y":0},"t":426,"s":[{"i":[[-37.279,11.083],[-3.918,-24.853],[0,0],[-7.612,-2.127],[-5.71,-12.875],[16.457,15.449]],"o":[[9.067,-2.687],[3.805,24.853],[0,0],[0,0],[0,0],[-16.681,-15.337]],"v":[[-40.246,-80.885],[-11.362,-56.143],[9.638,54.932],[62.569,116.158],[44.57,130.194],[-18.539,71.171]],"c":true}]},{"i":{"x":0.667,"y":1},"o":{"x":0.333,"y":0},"t":514,"s":[{"i":[[-37.279,11.083],[-3.918,-24.853],[0,0],[-7.612,-2.127],[-5.71,-12.875],[16.457,15.449]],"o":[[9.067,-2.687],[3.805,24.853],[0,0],[0,0],[0,0],[-16.681,-15.337]],"v":[[-40.246,-80.885],[-11.362,-56.143],[22.127,38.232],[82.609,100.259],[64.61,114.295],[-4.451,61.223]],"c":true}]},{"t":576,"s":[{"i":[[-37.279,11.083],[-3.918,-24.853],[0,0],[-7.612,-2.127],[-5.71,-12.875],[16.457,15.449]],"o":[[9.067,-2.687],[3.805,24.853],[0,0],[0,0],[0,0],[-16.681,-15.337]],"v":[[-40.246,-80.885],[-11.362,-56.143],[2.52,38.232],[77.526,47.971],[71.146,68.906],[-18.975,68.122]],"c":true}]}],"ix":2},"nm":"Path 1","mn":"ADBE Vector Shape - Group","hd":false},{"ty":"fl","c":{"a":0,"k":[0.372999991623,0.725,0.902000038297,1],"ix":4},"o":{"a":0,"k":100,"ix":5},"r":1,"bm":0,"nm":"Fill 1","mn":"ADBE Vector Graphic - Fill","hd":false},{"ty":"tr","p":{"a":0,"k":[764.572,180.1],"ix":2},"a":{"a":0,"k":[0,0],"ix":1},"s":{"a":0,"k":[100,100],"ix":3},"r":{"a":0,"k":0,"ix":6},"o":{"a":0,"k":100,"ix":7},"sk":{"a":0,"k":0,"ix":4},"sa":{"a":0,"k":0,"ix":5},"nm":"Transform"}],"nm":"Group 13","np":2,"cix":2,"bm":0,"ix":20,"mn":"ADBE Vector Group","hd":false},{"ty":"gr","it":[{"ind":0,"ty":"sh","ix":1,"ks":{"a":0,"k":{"i":[[-8.06,7.612],[-9.404,-5.374],[-4.814,-6.493],[6.381,-0.895],[10.636,4.254],[3.359,-0.112]],"o":[[0,0],[9.516,5.374],[4.926,6.494],[-6.381,0.784],[-10.634,-4.255],[-3.135,-0.112]],"v":[[-23.006,-8.9],[4.982,-10.132],[26.141,2.854],[20.99,14.721],[-7.109,9.685],[-22.334,7.221]],"c":true},"ix":2},"nm":"Path 1","mn":"ADBE Vector Shape - Group","hd":false},{"ty":"fl","c":{"a":0,"k":[0.936999990426,0.694000004787,0.522000002394,1],"ix":4},"o":{"a":0,"k":100,"ix":5},"r":1,"bm":0,"nm":"Fill 1","mn":"ADBE Vector Graphic - Fill","hd":false},{"ty":"tr","p":{"a":1,"k":[{"i":{"x":0.667,"y":1},"o":{"x":0.333,"y":0},"t":15,"s":[856.935,240.778],"to":[-0.907,9.533],"ti":[0.907,-9.533]},{"i":{"x":0.667,"y":1},"o":{"x":0.333,"y":0},"t":77,"s":[851.493,297.979],"to":[0,0],"ti":[0,0]},{"i":{"x":0.667,"y":1},"o":{"x":0.333,"y":0},"t":153,"s":[842.205,309.073],"to":[0,0],"ti":[-0.541,0.646]},{"i":{"x":0.667,"y":1},"o":{"x":0.333,"y":0},"t":225,"s":[830.229,312.956],"to":[2.313,-2.763],"ti":[0,0]},{"i":{"x":0.667,"y":1},"o":{"x":0.333,"y":0},"t":293,"s":[851.493,297.979],"to":[0,0],"ti":[0,0]},{"i":{"x":0.667,"y":1},"o":{"x":0.333,"y":0},"t":364,"s":[842.205,309.073],"to":[0,0],"ti":[-0.541,0.646]},{"i":{"x":0.667,"y":1},"o":{"x":0.333,"y":0},"t":426,"s":[830.229,312.956],"to":[2.313,-2.763],"ti":[0,0]},{"i":{"x":0.667,"y":1},"o":{"x":0.333,"y":0},"t":514,"s":[851.493,297.979],"to":[0.907,-9.533],"ti":[-0.907,9.533]},{"t":576,"s":[856.935,240.778]}],"ix":2},"a":{"a":0,"k":[0,0],"ix":1},"s":{"a":0,"k":[100,100],"ix":3},"r":{"a":1,"k":[{"i":{"x":[0.667],"y":[1]},"o":{"x":[0.333],"y":[0]},"t":15,"s":[0]},{"i":{"x":[0.667],"y":[1]},"o":{"x":[0.167],"y":[0]},"t":77,"s":[32]},{"i":{"x":[0.667],"y":[1]},"o":{"x":[0.333],"y":[0]},"t":514,"s":[32]},{"t":576,"s":[0]}],"ix":6},"o":{"a":0,"k":100,"ix":7},"sk":{"a":0,"k":0,"ix":4},"sa":{"a":0,"k":0,"ix":5},"nm":"Transform"}],"nm":"Group 14","np":2,"cix":2,"bm":0,"ix":21,"mn":"ADBE Vector Group","hd":false},{"ty":"gr","it":[{"ind":0,"ty":"sh","ix":1,"ks":{"a":1,"k":[{"i":{"x":0.667,"y":1},"o":{"x":0.333,"y":0},"t":0,"s":[{"i":[[-26.645,-0.112],[0,-2.687],[-27.987,-0.896],[2.351,-2.687],[15.674,-23.174],[-9.851,-3.582],[-35.488,30.227],[-51.162,-33.698],[1.791,-0.224],[17.8,59.782],[52.953,-3.918]],"o":[[2.351,0],[0,2.687],[-1.455,2.687],[-18.696,20.823],[-10.075,14.89],[45.676,14.442],[15.562,60.229],[-3.582,2.239],[-10.301,-7.725],[0,0],[-93.703,6.829]],"v":[[-132.818,-99.469],[-98.45,-93.199],[-47.735,-88.609],[-53.444,-80.549],[-132.818,-55.361],[-112.667,-24.685],[30.966,-40.246],[149.859,95.439],[141.351,99.469],[27.944,-20.543],[-71.581,-8.452]],"c":true}]},{"i":{"x":0.667,"y":1},"o":{"x":0.333,"y":0},"t":143.762,"s":[{"i":[[-26.645,-0.112],[0,-2.687],[-27.987,-0.896],[2.351,-2.687],[15.674,-23.174],[-9.851,-3.582],[-35.488,30.227],[-42.473,-35.743],[1.791,-0.224],[17.8,59.782],[52.953,-3.918]],"o":[[2.351,0],[0,2.687],[-1.455,2.687],[-18.696,20.823],[-10.075,14.89],[45.676,14.442],[15.562,60.229],[-3.582,2.239],[-48.671,-57.021],[0,0],[-93.703,6.829]],"v":[[-132.818,-99.469],[-98.45,-93.199],[-47.735,-88.609],[-53.444,-80.549],[-132.818,-55.361],[-112.667,-24.685],[30.966,-40.246],[93.033,138.466],[84.343,140.772],[27.944,-20.543],[-71.581,-8.452]],"c":true}]},{"i":{"x":0.667,"y":1},"o":{"x":0.333,"y":0},"t":299.5,"s":[{"i":[[-26.645,-0.112],[0,-2.687],[-27.987,-0.896],[2.351,-2.687],[15.674,-23.174],[-9.851,-3.582],[-35.488,30.227],[-51.162,-33.698],[1.791,-0.224],[17.8,59.782],[52.953,-3.918]],"o":[[2.351,0],[0,2.687],[-1.455,2.687],[-18.696,20.823],[-10.075,14.89],[45.676,14.442],[15.562,60.229],[-3.582,2.239],[-10.301,-7.725],[0,0],[-93.703,6.829]],"v":[[-132.818,-99.469],[-98.45,-93.199],[-47.735,-88.609],[-53.444,-80.549],[-132.818,-55.361],[-112.667,-24.685],[30.966,-40.246],[149.859,95.439],[141.351,99.469],[27.944,-20.543],[-71.581,-8.452]],"c":true}]},{"i":{"x":0.667,"y":1},"o":{"x":0.333,"y":0},"t":443.262,"s":[{"i":[[-26.645,-0.112],[0,-2.687],[-27.987,-0.896],[2.351,-2.687],[15.674,-23.174],[-9.851,-3.582],[-35.488,30.227],[-42.473,-35.743],[1.791,-0.224],[17.8,59.782],[52.953,-3.918]],"o":[[2.351,0],[0,2.687],[-1.455,2.687],[-18.696,20.823],[-10.075,14.89],[45.676,14.442],[15.562,60.229],[-3.582,2.239],[-48.671,-57.021],[0,0],[-93.703,6.829]],"v":[[-132.818,-99.469],[-98.45,-93.199],[-47.735,-88.609],[-53.444,-80.549],[-132.818,-55.361],[-112.667,-24.685],[30.966,-40.246],[93.033,138.466],[84.343,140.772],[27.944,-20.543],[-71.581,-8.452]],"c":true}]},{"t":599,"s":[{"i":[[-26.645,-0.112],[0,-2.687],[-27.987,-0.896],[2.351,-2.687],[15.674,-23.174],[-9.851,-3.582],[-35.488,30.227],[-51.162,-33.698],[1.791,-0.224],[17.8,59.782],[52.953,-3.918]],"o":[[2.351,0],[0,2.687],[-1.455,2.687],[-18.696,20.823],[-10.075,14.89],[45.676,14.442],[15.562,60.229],[-3.582,2.239],[-10.301,-7.725],[0,0],[-93.703,6.829]],"v":[[-132.818,-99.469],[-98.45,-93.199],[-47.735,-88.609],[-53.444,-80.549],[-132.818,-55.361],[-112.667,-24.685],[30.966,-40.246],[149.859,95.439],[141.351,99.469],[27.944,-20.543],[-71.581,-8.452]],"c":true}]}],"ix":2},"nm":"Path 1","mn":"ADBE Vector Shape - Group","hd":false},{"ty":"fl","c":{"a":0,"k":[0.102000000898,0.294000004787,0.423999980852,1],"ix":4},"o":{"a":0,"k":30,"ix":5},"r":1,"bm":0,"nm":"Fill 1","mn":"ADBE Vector Graphic - Fill","hd":false},{"ty":"tr","p":{"a":0,"k":[780.01,405.906],"ix":2},"a":{"a":0,"k":[0,0],"ix":1},"s":{"a":0,"k":[100,100],"ix":3},"r":{"a":0,"k":0,"ix":6},"o":{"a":0,"k":100,"ix":7},"sk":{"a":0,"k":0,"ix":4},"sa":{"a":0,"k":0,"ix":5},"nm":"Transform"}],"nm":"Group 22","np":2,"cix":2,"bm":0,"ix":22,"mn":"ADBE Vector Group","hd":false},{"ty":"gr","it":[{"ind":0,"ty":"sh","ix":1,"ks":{"a":1,"k":[{"i":{"x":0.667,"y":1},"o":{"x":0.333,"y":0},"t":0,"s":[{"i":[[-93.592,6.717],[0,0],[-10.189,-7.725],[-4.813,7.389],[24.631,16.569],[0,6.606],[2.35,0]],"o":[[52.953,-3.919],[17.801,59.782],[6.045,-0.784],[-16.344,-26.644],[-15.448,-10.299],[0,-2.686],[-26.533,-0.224]],"v":[[-72.879,-8.34],[26.643,-20.431],[140.052,99.581],[166.471,75.063],[49.818,-72.601],[-99.748,-93.088],[-134.117,-99.357]],"c":true}]},{"i":{"x":0.667,"y":1},"o":{"x":0.333,"y":0},"t":143.762,"s":[{"i":[[-93.592,6.717],[0,0],[-49.103,-58.044],[-4.813,7.389],[18.255,23.724],[0,6.606],[2.35,0]],"o":[[52.953,-3.919],[17.801,59.782],[6.045,-0.784],[-16.344,-26.644],[-15.448,-10.299],[0,-2.686],[-26.533,-0.224]],"v":[[-72.879,-8.34],[26.643,-20.431],[83.044,140.612],[111.279,128.076],[63.252,-74.053],[-99.748,-93.088],[-134.117,-99.357]],"c":true}]},{"i":{"x":0.667,"y":1},"o":{"x":0.333,"y":0},"t":299.5,"s":[{"i":[[-93.592,6.717],[0,0],[-10.189,-7.725],[-4.813,7.389],[24.631,16.569],[0,6.606],[2.35,0]],"o":[[52.953,-3.919],[17.801,59.782],[6.045,-0.784],[-16.344,-26.644],[-15.448,-10.299],[0,-2.686],[-26.533,-0.224]],"v":[[-72.879,-8.34],[26.643,-20.431],[140.052,99.581],[166.471,75.063],[49.818,-72.601],[-99.748,-93.088],[-134.117,-99.357]],"c":true}]},{"i":{"x":0.667,"y":1},"o":{"x":0.333,"y":0},"t":443.262,"s":[{"i":[[-93.592,6.717],[0,0],[-49.103,-58.044],[-4.813,7.389],[18.255,23.724],[0,6.606],[2.35,0]],"o":[[52.953,-3.919],[17.801,59.782],[6.045,-0.784],[-16.344,-26.644],[-15.448,-10.299],[0,-2.686],[-26.533,-0.224]],"v":[[-72.879,-8.34],[26.643,-20.431],[83.044,140.612],[111.279,128.076],[63.252,-74.053],[-99.748,-93.088],[-134.117,-99.357]],"c":true}]},{"t":599,"s":[{"i":[[-93.592,6.717],[0,0],[-10.189,-7.725],[-4.813,7.389],[24.631,16.569],[0,6.606],[2.35,0]],"o":[[52.953,-3.919],[17.801,59.782],[6.045,-0.784],[-16.344,-26.644],[-15.448,-10.299],[0,-2.686],[-26.533,-0.224]],"v":[[-72.879,-8.34],[26.643,-20.431],[140.052,99.581],[166.471,75.063],[49.818,-72.601],[-99.748,-93.088],[-134.117,-99.357]],"c":true}]}],"ix":2},"nm":"Path 1","mn":"ADBE Vector Shape - Group","hd":false},{"ty":"fl","c":{"a":0,"k":[1,0.380000005984,0.795999983245,1],"ix":4},"o":{"a":0,"k":100,"ix":5},"r":1,"bm":0,"nm":"Fill 1","mn":"ADBE Vector Graphic - Fill","hd":false},{"ty":"tr","p":{"a":0,"k":[781.198,405.909],"ix":2},"a":{"a":0,"k":[0,0],"ix":1},"s":{"a":0,"k":[100,100],"ix":3},"r":{"a":0,"k":0,"ix":6},"o":{"a":0,"k":100,"ix":7},"sk":{"a":0,"k":0,"ix":4},"sa":{"a":0,"k":0,"ix":5},"nm":"Transform"}],"nm":"Group 23","np":2,"cix":2,"bm":0,"ix":23,"mn":"ADBE Vector Group","hd":false},{"ty":"gr","it":[{"ind":0,"ty":"sh","ix":1,"ks":{"a":0,"k":{"i":[[-0.671,0],[-14.891,-28.211],[0,0],[-8.284,-10.411],[-0.336,-15.784],[27.652,-16.793],[-8.732,-39.63],[-3.808,-6.83],[4.479,8.173],[-8.172,48.027],[2.8,6.606],[2.24,5.15]],"o":[[0.561,0],[18.807,35.713],[0,0],[3.808,4.814],[-19.48,-15.448],[-5.037,1.566],[1.68,7.725],[-4.479,-0.449],[-5.821,-20.598],[1.231,-7.389],[-1.567,-3.807],[-3.917,-8.956]],"v":[[-27.2,-145.144],[56.653,-89.169],[66.839,-26.924],[66.839,-26.924],[70.87,18.527],[23.178,-28.043],[30.455,115.254],[40.98,145.145],[27.656,135.069],[16.238,-2.742],[14.222,-20.543],[-70.637,-110.104]],"c":true},"ix":2},"nm":"Path 1","mn":"ADBE Vector Shape - Group","hd":false},{"ty":"fl","c":{"a":0,"k":[0.071000005685,0.246999987434,0.365000017952,1],"ix":4},"o":{"a":0,"k":30,"ix":5},"r":1,"bm":0,"nm":"Fill 1","mn":"ADBE Vector Graphic - Fill","hd":false},{"ty":"tr","p":{"a":0,"k":[761.71,434.117],"ix":2},"a":{"a":0,"k":[0,0],"ix":1},"s":{"a":0,"k":[100,100],"ix":3},"r":{"a":0,"k":0,"ix":6},"o":{"a":0,"k":100,"ix":7},"sk":{"a":0,"k":0,"ix":4},"sa":{"a":0,"k":0,"ix":5},"nm":"Transform"}],"nm":"Group 24","np":2,"cix":2,"bm":0,"ix":24,"mn":"ADBE Vector Group","hd":false},{"ty":"gr","it":[{"ind":0,"ty":"sh","ix":1,"ks":{"a":0,"k":{"i":[[0,-0.111],[18.92,35.712],[0.672,0],[-4.03,-8.956],[-1.568,-3.807],[1.455,-7.39],[-10.747,-24.516],[-5.373,9.851],[0.56,19.479]],"o":[[0,0],[-14.89,-28.324],[-0.672,0],[2.239,5.038],[2.799,6.605],[-5.935,28.77],[7.948,18.025],[1.008,-1.791],[0.56,19.479]],"v":[[69.745,-22.95],[56.199,-94.151],[-21.383,-148.112],[-71.089,-115.086],[13.77,-25.525],[15.785,-7.724],[27.204,130.087],[69.969,134.902],[69.745,-22.95]],"c":true},"ix":2},"nm":"Path 1","mn":"ADBE Vector Shape - Group","hd":false},{"ty":"fl","c":{"a":0,"k":[0.995999983245,0.380000005984,0.791999966491,1],"ix":4},"o":{"a":0,"k":100,"ix":5},"r":1,"bm":0,"nm":"Fill 1","mn":"ADBE Vector Graphic - Fill","hd":false},{"ty":"tr","p":{"a":0,"k":[762.169,439.21],"ix":2},"a":{"a":0,"k":[0,0],"ix":1},"s":{"a":0,"k":[100,100],"ix":3},"r":{"a":0,"k":0,"ix":6},"o":{"a":0,"k":100,"ix":7},"sk":{"a":0,"k":0,"ix":4},"sa":{"a":0,"k":0,"ix":5},"nm":"Transform"}],"nm":"Group 27","np":2,"cix":2,"bm":0,"ix":25,"mn":"ADBE Vector Group","hd":false},{"ty":"gr","it":[{"ind":0,"ty":"sh","ix":1,"ks":{"a":1,"k":[{"i":{"x":0.667,"y":1},"o":{"x":0.333,"y":0},"t":0,"s":[{"i":[[-4.814,2.909],[-3.696,3.133],[-2.463,-4.479],[-0.447,-0.224],[0.45,-15.674],[15.896,2.8],[3.582,2.352],[9.292,-2.014],[3.695,2.575],[10.97,16.344]],"o":[[2.574,-1.456],[2.462,4.702],[0.56,0.335],[22.502,14.105],[-0.22,11.082],[-4.367,-0.782],[-5.374,-3.471],[-2.016,0.336],[-19.367,-12.985],[5.374,-3.359]],"v":[[-37.225,-29.947],[-30.955,-37.223],[-18.641,-23.229],[-17.074,-22.222],[52.224,10.803],[12.818,34.423],[1.399,29.051],[-18.977,23.788],[-31.74,21.549],[-52.674,-20.431]],"c":true}]},{"i":{"x":0.667,"y":1},"o":{"x":0.333,"y":0},"t":143.762,"s":[{"i":[[-4.814,2.909],[-3.696,3.133],[-2.463,-4.479],[-0.447,-0.224],[0.45,-15.674],[15.896,2.8],[3.582,2.352],[6.662,4.118],[3.006,2.024],[10.97,16.344]],"o":[[2.574,-1.456],[2.462,4.702],[0.56,0.335],[22.502,14.105],[-0.22,11.082],[-4.367,-0.782],[-5.374,-3.471],[-3.856,-1.136],[-19.367,-12.985],[5.374,-3.359]],"v":[[-94.596,19.436],[-88.326,12.159],[-76.012,26.153],[-74.445,27.16],[-17.855,73.802],[-38.743,92.702],[-56.698,86.058],[-77.982,75.713],[-88.929,70.387],[-110.045,28.951]],"c":true}]},{"i":{"x":0.667,"y":1},"o":{"x":0.333,"y":0},"t":299.5,"s":[{"i":[[-4.814,2.909],[-3.696,3.133],[-2.463,-4.479],[-0.447,-0.224],[0.45,-15.674],[15.896,2.8],[3.582,2.352],[9.292,-2.014],[3.695,2.575],[10.97,16.344]],"o":[[2.574,-1.456],[2.462,4.702],[0.56,0.335],[22.502,14.105],[-0.22,11.082],[-4.367,-0.782],[-5.374,-3.471],[-2.016,0.336],[-19.367,-12.985],[5.374,-3.359]],"v":[[-37.225,-29.947],[-30.955,-37.223],[-18.641,-23.229],[-17.074,-22.222],[52.224,10.803],[12.818,34.423],[1.399,29.051],[-18.977,23.788],[-31.74,21.549],[-52.674,-20.431]],"c":true}]},{"i":{"x":0.667,"y":1},"o":{"x":0.333,"y":0},"t":443.262,"s":[{"i":[[-4.814,2.909],[-3.696,3.133],[-2.463,-4.479],[-0.447,-0.224],[0.45,-15.674],[15.896,2.8],[3.582,2.352],[6.662,4.118],[3.006,2.024],[10.97,16.344]],"o":[[2.574,-1.456],[2.462,4.702],[0.56,0.335],[22.502,14.105],[-0.22,11.082],[-4.367,-0.782],[-5.374,-3.471],[-3.856,-1.136],[-19.367,-12.985],[5.374,-3.359]],"v":[[-94.596,19.436],[-88.326,12.159],[-76.012,26.153],[-74.445,27.16],[-17.855,73.802],[-38.743,92.702],[-56.698,86.058],[-77.982,75.713],[-88.929,70.387],[-110.045,28.951]],"c":true}]},{"t":599,"s":[{"i":[[-4.814,2.909],[-3.696,3.133],[-2.463,-4.479],[-0.447,-0.224],[0.45,-15.674],[15.896,2.8],[3.582,2.352],[9.292,-2.014],[3.695,2.575],[10.97,16.344]],"o":[[2.574,-1.456],[2.462,4.702],[0.56,0.335],[22.502,14.105],[-0.22,11.082],[-4.367,-0.782],[-5.374,-3.471],[-2.016,0.336],[-19.367,-12.985],[5.374,-3.359]],"v":[[-37.225,-29.947],[-30.955,-37.223],[-18.641,-23.229],[-17.074,-22.222],[52.224,10.803],[12.818,34.423],[1.399,29.051],[-18.977,23.788],[-31.74,21.549],[-52.674,-20.431]],"c":true}]}],"ix":2},"nm":"Path 1","mn":"ADBE Vector Shape - Group","hd":false},{"ty":"fl","c":{"a":0,"k":[0.090000002992,0.090000002992,0.086000001197,1],"ix":4},"o":{"a":0,"k":100,"ix":5},"r":1,"bm":0,"nm":"Fill 1","mn":"ADBE Vector Graphic - Fill","hd":false},{"ty":"tr","p":{"a":0,"k":[970.335,510.134],"ix":2},"a":{"a":0,"k":[0,0],"ix":1},"s":{"a":0,"k":[100,100],"ix":3},"r":{"a":0,"k":0,"ix":6},"o":{"a":0,"k":100,"ix":7},"sk":{"a":0,"k":0,"ix":4},"sa":{"a":0,"k":0,"ix":5},"nm":"Transform"}],"nm":"Group 28","np":2,"cix":2,"bm":0,"ix":26,"mn":"ADBE Vector Group","hd":false},{"ty":"gr","it":[{"ind":0,"ty":"sh","ix":1,"ks":{"a":0,"k":{"i":[[9.685,-1.154],[-9.404,-20.375],[-1.792,-0.784],[-2.576,-5.485],[-3.135,-2.799],[-5.598,8.732],[11.195,22.502]],"o":[[-11.738,6.471],[1.679,3.918],[8.508,3.022],[1.679,3.695],[11.306,10.188],[8.172,-12.426],[-0.336,-0.336]],"v":[[-28.387,-18.304],[-35.824,13.602],[-26.644,21.774],[-12.762,35.991],[-6.269,45.956],[37.056,46.404],[-2.463,-14.499]],"c":true},"ix":2},"nm":"Path 1","mn":"ADBE Vector Shape - Group","hd":false},{"ty":"fl","c":{"a":0,"k":[0.090000002992,0.090000002992,0.086000001197,1],"ix":4},"o":{"a":0,"k":100,"ix":5},"r":1,"bm":0,"nm":"Fill 1","mn":"ADBE Vector Graphic - Fill","hd":false},{"ty":"tr","p":{"a":0,"k":[810.616,573.204],"ix":2},"a":{"a":0,"k":[-21.409,-10.256],"ix":1},"s":{"a":0,"k":[100,100],"ix":3},"r":{"a":1,"k":[{"i":{"x":[0.667],"y":[1]},"o":{"x":[0.333],"y":[0]},"t":-81.988,"s":[-21]},{"i":{"x":[0.667],"y":[1]},"o":{"x":[0.333],"y":[0]},"t":-5.201,"s":[10]},{"i":{"x":[0.667],"y":[1]},"o":{"x":[0.333],"y":[0]},"t":67.811,"s":[-21]},{"i":{"x":[0.667],"y":[1]},"o":{"x":[0.333],"y":[0]},"t":144.6,"s":[10]},{"i":{"x":[0.667],"y":[1]},"o":{"x":[0.333],"y":[0]},"t":217.611,"s":[-21]},{"i":{"x":[0.667],"y":[1]},"o":{"x":[0.333],"y":[0]},"t":294.398,"s":[10]},{"i":{"x":[0.667],"y":[1]},"o":{"x":[0.333],"y":[0]},"t":367.412,"s":[-21]},{"i":{"x":[0.667],"y":[1]},"o":{"x":[0.333],"y":[0]},"t":444.199,"s":[10]},{"i":{"x":[0.667],"y":[1]},"o":{"x":[0.333],"y":[0]},"t":517.213,"s":[-21]},{"i":{"x":[0.667],"y":[1]},"o":{"x":[0.333],"y":[0]},"t":594,"s":[10]},{"t":667.01171875,"s":[-21]}],"ix":6},"o":{"a":0,"k":100,"ix":7},"sk":{"a":0,"k":0,"ix":4},"sa":{"a":0,"k":0,"ix":5},"nm":"Transform"}],"nm":"Group 29","np":2,"cix":2,"bm":0,"ix":27,"mn":"ADBE Vector Group","hd":false}],"ip":0,"op":1500,"st":0,"bm":0},{"ddd":0,"ind":2,"ty":0,"nm":"Message","refId":"comp_1","sr":1,"ks":{"o":{"a":0,"k":100,"ix":11},"r":{"a":0,"k":0,"ix":10},"p":{"a":1,"k":[{"i":{"x":0.455,"y":1},"o":{"x":0.333,"y":0},"t":0,"s":[348,348,0],"to":[4.833,-3,0],"ti":[0,0,0]},{"i":{"x":0.513,"y":1},"o":{"x":0.503,"y":0},"t":117.455,"s":[377,330,0],"to":[0,0,0],"ti":[0,0,0]},{"i":{"x":0.466,"y":1},"o":{"x":0.623,"y":0},"t":299.5,"s":[348,348,0],"to":[0,0,0],"ti":[0,0,0]},{"i":{"x":0.524,"y":1},"o":{"x":0.469,"y":0},"t":416.955,"s":[377,330,0],"to":[0,0,0],"ti":[4.833,-3,0]},{"t":599,"s":[348,348,0]}],"ix":2},"a":{"a":0,"k":[115.5,109,0],"ix":1},"s":{"a":0,"k":[100,100,100],"ix":6}},"ao":0,"w":231,"h":218,"ip":0,"op":1500,"st":0,"bm":0},{"ddd":0,"ind":3,"ty":4,"nm":"Yellow 2","sr":1,"ks":{"o":{"a":0,"k":100,"ix":11},"r":{"a":0,"k":0,"ix":10},"p":{"a":1,"k":[{"i":{"x":0.533,"y":1},"o":{"x":0.486,"y":0},"t":-232.666,"s":[367.002,176.411,0],"to":[0,-3.083,0],"ti":[0,0,0]},{"i":{"x":0.488,"y":1},"o":{"x":0.483,"y":0},"t":-106.346,"s":[367.002,157.911,0],"to":[0,0,0],"ti":[0,0,0]},{"i":{"x":0.527,"y":1},"o":{"x":0.48,"y":0},"t":-33,"s":[367.002,176.411,0],"to":[0,0,0],"ti":[0,0,0]},{"i":{"x":0.555,"y":1},"o":{"x":0.461,"y":0},"t":93.32,"s":[367.002,157.911,0],"to":[0,0,0],"ti":[0,0,0]},{"i":{"x":0.522,"y":1},"o":{"x":0.482,"y":0},"t":166.668,"s":[367.002,176.411,0],"to":[0,0,0],"ti":[0,0,0]},{"i":{"x":0.667,"y":1},"o":{"x":0.528,"y":0},"t":292.988,"s":[367.002,157.911,0],"to":[0,0,0],"ti":[0,0,0]},{"i":{"x":0.533,"y":1},"o":{"x":0.486,"y":0},"t":366.334,"s":[367.002,176.411,0],"to":[0,0,0],"ti":[0,0,0]},{"i":{"x":0.488,"y":1},"o":{"x":0.483,"y":0},"t":492.654,"s":[367.002,157.911,0],"to":[0,0,0],"ti":[0,0,0]},{"i":{"x":0.527,"y":1},"o":{"x":0.48,"y":0},"t":566,"s":[367.002,176.411,0],"to":[0,0,0],"ti":[0,0,0]},{"i":{"x":0.555,"y":1},"o":{"x":0.461,"y":0},"t":692.32,"s":[367.002,157.911,0],"to":[0,0,0],"ti":[0,0,0]},{"i":{"x":0.522,"y":1},"o":{"x":0.482,"y":0},"t":765.668,"s":[367.002,176.411,0],"to":[0,0,0],"ti":[0,0,0]},{"i":{"x":0.546,"y":1},"o":{"x":0.528,"y":0},"t":891.988,"s":[367.002,157.911,0],"to":[0,0,0],"ti":[0,-3.083,0]},{"t":965.333984375,"s":[367.002,176.411,0]}],"ix":2},"a":{"a":0,"k":[291.502,337.911,0],"ix":1},"s":{"a":0,"k":[58.023,58.023,100],"ix":6}},"ao":0,"shapes":[{"ty":"gr","it":[{"ind":0,"ty":"sh","ix":1,"ks":{"a":0,"k":{"i":[[9.964,-3.582],[0,0],[2.575,5.374],[-3.694,2.127],[7.277,4.254],[7.164,-4.254],[-0.112,-2.911]],"o":[[0,0],[5.934,-5.821],[4.814,0],[7.277,-4.142],[-7.277,-4.142],[-3.695,2.127],[-9.292,-1.568]],"v":[[-39.35,-2.127],[3.974,22.95],[9.124,5.374],[22.559,2.239],[22.447,-12.986],[-3.75,-12.986],[-9.124,-5.149]],"c":true},"ix":2},"nm":"Path 1","mn":"ADBE Vector Shape - Group","hd":false},{"ind":1,"ty":"sh","ix":2,"ks":{"a":0,"k":{"i":[[-22.502,-13.099],[22.39,-12.986],[22.614,12.986],[-22.391,12.986]],"o":[[22.502,12.986],[-22.39,12.986],[-22.503,-12.986],[22.502,-13.099]],"v":[[40.582,-23.509],[40.806,23.622],[-40.582,23.622],[-40.806,-23.509]],"c":true},"ix":2},"nm":"Path 2","mn":"ADBE Vector Shape - Group","hd":false},{"ty":"mm","mm":1,"nm":"Merge Paths 1","mn":"ADBE Vector Filter - Merge","hd":false},{"ty":"fl","c":{"a":0,"k":[1,0.298039215686,0.666666666667,1],"ix":4},"o":{"a":0,"k":100,"ix":5},"r":1,"bm":0,"nm":"Fill 1","mn":"ADBE Vector Graphic - Fill","hd":false},{"ty":"tr","p":{"a":0,"k":[299.415,322.671],"ix":2},"a":{"a":0,"k":[0,0],"ix":1},"s":{"a":0,"k":[100,100],"ix":3},"r":{"a":0,"k":0,"ix":6},"o":{"a":0,"k":100,"ix":7},"sk":{"a":0,"k":0,"ix":4},"sa":{"a":0,"k":0,"ix":5},"nm":"Transform"}],"nm":"Group 31","np":4,"cix":2,"bm":0,"ix":1,"mn":"ADBE Vector Group","hd":false},{"ty":"gr","it":[{"ind":0,"ty":"sh","ix":1,"ks":{"a":0,"k":{"i":[[0,0],[-0.8,0],[0,0],[0,0]],"o":[[12,-5.5],[0,0],[0,0],[0,0]],"v":[[-43.25,-7],[-6.25,-23.5],[43.25,-20.5],[6.75,23.5]],"c":true},"ix":2},"nm":"Path 1","mn":"ADBE Vector Shape - Group","hd":false},{"ty":"fl","c":{"a":0,"k":[1,1,1,1],"ix":4},"o":{"a":0,"k":100,"ix":5},"r":1,"bm":0,"nm":"Fill 1","mn":"ADBE Vector Graphic - Fill","hd":false},{"ty":"tr","p":{"a":0,"k":[297.25,328.5],"ix":2},"a":{"a":0,"k":[0,0],"ix":1},"s":{"a":0,"k":[100,100],"ix":3},"r":{"a":0,"k":0,"ix":6},"o":{"a":0,"k":100,"ix":7},"sk":{"a":0,"k":0,"ix":4},"sa":{"a":0,"k":0,"ix":5},"nm":"Transform"}],"nm":"Group 33","np":2,"cix":2,"bm":0,"ix":2,"mn":"ADBE Vector Group","hd":false},{"ty":"gr","it":[{"ind":0,"ty":"sh","ix":1,"ks":{"a":0,"k":{"i":[[0,18.5],[0,0],[0,0],[0,0],[26,0]],"o":[[0,-18.5],[0,0],[0,0],[0,21.329],[-30,0]],"v":[[-57.507,-7.5],[-57.467,-22.719],[57.507,-22.607],[57.507,-7.829],[-0.507,26]],"c":true},"ix":2},"nm":"Path 1","mn":"ADBE Vector Shape - Group","hd":false},{"ty":"fl","c":{"a":0,"k":[0.898039215686,0.2,0.6,1],"ix":4},"o":{"a":0,"k":100,"ix":5},"r":1,"bm":0,"nm":"Fill 1","mn":"ADBE Vector Graphic - Fill","hd":false},{"ty":"tr","p":{"a":0,"k":[299.507,345.5],"ix":2},"a":{"a":0,"k":[0,0],"ix":1},"s":{"a":0,"k":[100,100],"ix":3},"r":{"a":0,"k":0,"ix":6},"o":{"a":0,"k":100,"ix":7},"sk":{"a":0,"k":0,"ix":4},"sa":{"a":0,"k":0,"ix":5},"nm":"Transform"}],"nm":"Group 35","np":2,"cix":2,"bm":0,"ix":3,"mn":"ADBE Vector Group","hd":false}],"ip":0,"op":1500,"st":0,"bm":0},{"ddd":0,"ind":4,"ty":4,"nm":"Shape Layer 2","sr":1,"ks":{"o":{"a":0,"k":100,"ix":11},"r":{"a":0,"k":0,"ix":10},"p":{"a":0,"k":[368.541,186.428,0],"ix":2},"a":{"a":0,"k":[283.541,353.178,0],"ix":1},"s":{"a":1,"k":[{"i":{"x":[0.533,0.533,0.667],"y":[1,1,1]},"o":{"x":[0.486,0.486,0.333],"y":[0,0,0]},"t":-232.666,"s":[62.6,62.6,100]},{"i":{"x":[0.488,0.488,0.667],"y":[1,1,1]},"o":{"x":[0.483,0.483,0.333],"y":[0,0,0]},"t":-106.346,"s":[70.764,70.764,100]},{"i":{"x":[0.527,0.527,0.667],"y":[1,1,1]},"o":{"x":[0.48,0.48,0.333],"y":[0,0,0]},"t":-33,"s":[62.6,62.6,100]},{"i":{"x":[0.555,0.555,0.667],"y":[1,1,1]},"o":{"x":[0.461,0.461,0.333],"y":[0,0,0]},"t":93.32,"s":[70.764,70.764,100]},{"i":{"x":[0.522,0.522,0.667],"y":[1,1,1]},"o":{"x":[0.482,0.482,0.333],"y":[0,0,0]},"t":166.668,"s":[62.6,62.6,100]},{"i":{"x":[0.667,0.667,0.667],"y":[1,1,1]},"o":{"x":[0.528,0.528,0.333],"y":[0,0,0]},"t":292.988,"s":[70.764,70.764,100]},{"i":{"x":[0.533,0.533,0.667],"y":[1,1,1]},"o":{"x":[0.486,0.486,0.333],"y":[0,0,0]},"t":366.334,"s":[62.6,62.6,100]},{"i":{"x":[0.488,0.488,0.667],"y":[1,1,1]},"o":{"x":[0.483,0.483,0.333],"y":[0,0,0]},"t":492.654,"s":[70.764,70.764,100]},{"i":{"x":[0.527,0.527,0.667],"y":[1,1,1]},"o":{"x":[0.48,0.48,0.333],"y":[0,0,0]},"t":566,"s":[62.6,62.6,100]},{"i":{"x":[0.555,0.555,0.667],"y":[1,1,1]},"o":{"x":[0.461,0.461,0.333],"y":[0,0,0]},"t":692.32,"s":[70.764,70.764,100]},{"i":{"x":[0.522,0.522,0.667],"y":[1,1,1]},"o":{"x":[0.482,0.482,0.333],"y":[0,0,0]},"t":765.668,"s":[62.6,62.6,100]},{"i":{"x":[0.546,0.546,0.667],"y":[1,1,1]},"o":{"x":[0.528,0.528,0.333],"y":[0,0,0]},"t":891.988,"s":[70.764,70.764,100]},{"t":965.333984375,"s":[62.6,62.6,100]}],"ix":6}},"ao":0,"shapes":[{"ty":"gr","it":[{"ind":0,"ty":"sh","ix":1,"ks":{"a":0,"k":{"i":[[22.614,13.098],[22.39,-12.987],[-22.502,-12.986],[-22.391,12.987]],"o":[[-22.502,-12.987],[-22.39,12.986],[22.502,12.987],[22.39,-12.986]],"v":[[40.562,-23.566],[-40.827,-23.566],[-40.603,23.565],[40.786,23.565]],"c":true},"ix":2},"nm":"Path 1","mn":"ADBE Vector Shape - Group","hd":false},{"ty":"fl","c":{"a":0,"k":[0,0,0,1],"ix":4},"o":{"a":0,"k":14,"ix":5},"r":1,"bm":0,"nm":"Fill 1","mn":"ADBE Vector Graphic - Fill","hd":false},{"ty":"tr","p":{"a":0,"k":[283.54,353.178],"ix":2},"a":{"a":0,"k":[0,0],"ix":1},"s":{"a":0,"k":[100,100],"ix":3},"r":{"a":0,"k":0,"ix":6},"o":{"a":0,"k":100,"ix":7},"sk":{"a":0,"k":0,"ix":4},"sa":{"a":0,"k":0,"ix":5},"nm":"Transform"}],"nm":"Group 37","np":2,"cix":2,"bm":0,"ix":1,"mn":"ADBE Vector Group","hd":false}],"ip":0,"op":1500,"st":0,"bm":0},{"ddd":0,"ind":5,"ty":4,"nm":"Yellow","sr":1,"ks":{"o":{"a":0,"k":100,"ix":11},"r":{"a":0,"k":0,"ix":10},"p":{"a":1,"k":[{"i":{"x":0.533,"y":1},"o":{"x":0.486,"y":0},"t":0,"s":[183.002,278.411,0],"to":[0,-3.083,0],"ti":[0,0,0]},{"i":{"x":0.488,"y":1},"o":{"x":0.483,"y":0},"t":126.32,"s":[183.002,259.911,0],"to":[0,0,0],"ti":[0,0,0]},{"i":{"x":0.527,"y":1},"o":{"x":0.48,"y":0},"t":199.666,"s":[183.002,278.411,0],"to":[0,0,0],"ti":[0,0,0]},{"i":{"x":0.555,"y":1},"o":{"x":0.461,"y":0},"t":325.986,"s":[183.002,259.911,0],"to":[0,0,0],"ti":[0,0,0]},{"i":{"x":0.522,"y":1},"o":{"x":0.482,"y":0},"t":399.334,"s":[183.002,278.411,0],"to":[0,0,0],"ti":[0,0,0]},{"i":{"x":0.546,"y":1},"o":{"x":0.528,"y":0},"t":525.654,"s":[183.002,259.911,0],"to":[0,0,0],"ti":[0,-3.083,0]},{"t":599,"s":[183.002,278.411,0]}],"ix":2},"a":{"a":0,"k":[291.502,337.911,0],"ix":1},"s":{"a":0,"k":[58.023,58.023,100],"ix":6}},"ao":0,"shapes":[{"ty":"gr","it":[{"ind":0,"ty":"sh","ix":1,"ks":{"a":0,"k":{"i":[[9.964,-3.582],[0,0],[2.575,5.374],[-3.694,2.127],[7.277,4.254],[7.164,-4.254],[-0.112,-2.911]],"o":[[0,0],[5.934,-5.821],[4.814,0],[7.277,-4.142],[-7.277,-4.142],[-3.695,2.127],[-9.292,-1.568]],"v":[[-39.35,-2.127],[3.974,22.95],[9.124,5.374],[22.559,2.239],[22.447,-12.986],[-3.75,-12.986],[-9.124,-5.149]],"c":true},"ix":2},"nm":"Path 1","mn":"ADBE Vector Shape - Group","hd":false},{"ind":1,"ty":"sh","ix":2,"ks":{"a":0,"k":{"i":[[-22.502,-13.099],[22.39,-12.986],[22.614,12.986],[-22.391,12.986]],"o":[[22.502,12.986],[-22.39,12.986],[-22.503,-12.986],[22.502,-13.099]],"v":[[40.582,-23.509],[40.806,23.622],[-40.582,23.622],[-40.806,-23.509]],"c":true},"ix":2},"nm":"Path 2","mn":"ADBE Vector Shape - Group","hd":false},{"ty":"mm","mm":1,"nm":"Merge Paths 1","mn":"ADBE Vector Filter - Merge","hd":false},{"ty":"fl","c":{"a":0,"k":[1,0.875,0.008000000785,1],"ix":4},"o":{"a":0,"k":100,"ix":5},"r":1,"bm":0,"nm":"Fill 1","mn":"ADBE Vector Graphic - Fill","hd":false},{"ty":"tr","p":{"a":0,"k":[299.415,322.671],"ix":2},"a":{"a":0,"k":[0,0],"ix":1},"s":{"a":0,"k":[100,100],"ix":3},"r":{"a":0,"k":0,"ix":6},"o":{"a":0,"k":100,"ix":7},"sk":{"a":0,"k":0,"ix":4},"sa":{"a":0,"k":0,"ix":5},"nm":"Transform"}],"nm":"Group 31","np":4,"cix":2,"bm":0,"ix":1,"mn":"ADBE Vector Group","hd":false},{"ty":"gr","it":[{"ind":0,"ty":"sh","ix":1,"ks":{"a":0,"k":{"i":[[0,0],[-0.8,0],[0,0],[0,0]],"o":[[12,-5.5],[0,0],[0,0],[0,0]],"v":[[-43.25,-7],[-6.25,-23.5],[43.25,-20.5],[6.75,23.5]],"c":true},"ix":2},"nm":"Path 1","mn":"ADBE Vector Shape - Group","hd":false},{"ty":"fl","c":{"a":0,"k":[1,1,1,1],"ix":4},"o":{"a":0,"k":100,"ix":5},"r":1,"bm":0,"nm":"Fill 1","mn":"ADBE Vector Graphic - Fill","hd":false},{"ty":"tr","p":{"a":0,"k":[297.25,328.5],"ix":2},"a":{"a":0,"k":[0,0],"ix":1},"s":{"a":0,"k":[100,100],"ix":3},"r":{"a":0,"k":0,"ix":6},"o":{"a":0,"k":100,"ix":7},"sk":{"a":0,"k":0,"ix":4},"sa":{"a":0,"k":0,"ix":5},"nm":"Transform"}],"nm":"Group 33","np":2,"cix":2,"bm":0,"ix":2,"mn":"ADBE Vector Group","hd":false},{"ty":"gr","it":[{"ind":0,"ty":"sh","ix":1,"ks":{"a":0,"k":{"i":[[0,18.5],[0,0],[0,0],[0,0],[26,0]],"o":[[0,-18.5],[0,0],[0,0],[0,21.329],[-30,0]],"v":[[-57.507,-7.5],[-57.467,-22.719],[57.507,-22.607],[57.507,-7.829],[-0.507,26]],"c":true},"ix":2},"nm":"Path 1","mn":"ADBE Vector Shape - Group","hd":false},{"ty":"fl","c":{"a":0,"k":[0.910000011968,0.791999966491,0,1],"ix":4},"o":{"a":0,"k":100,"ix":5},"r":1,"bm":0,"nm":"Fill 1","mn":"ADBE Vector Graphic - Fill","hd":false},{"ty":"tr","p":{"a":0,"k":[299.507,345.5],"ix":2},"a":{"a":0,"k":[0,0],"ix":1},"s":{"a":0,"k":[100,100],"ix":3},"r":{"a":0,"k":0,"ix":6},"o":{"a":0,"k":100,"ix":7},"sk":{"a":0,"k":0,"ix":4},"sa":{"a":0,"k":0,"ix":5},"nm":"Transform"}],"nm":"Group 35","np":2,"cix":2,"bm":0,"ix":3,"mn":"ADBE Vector Group","hd":false}],"ip":0,"op":1500,"st":0,"bm":0},{"ddd":0,"ind":6,"ty":4,"nm":"Shape Layer 1","sr":1,"ks":{"o":{"a":0,"k":100,"ix":11},"r":{"a":0,"k":0,"ix":10},"p":{"a":0,"k":[184.541,288.428,0],"ix":2},"a":{"a":0,"k":[283.541,353.178,0],"ix":1},"s":{"a":1,"k":[{"i":{"x":[0.533,0.533,0.667],"y":[1,1,1]},"o":{"x":[0.486,0.486,0.333],"y":[0,0,0]},"t":0,"s":[62.6,62.6,100]},{"i":{"x":[0.488,0.488,0.667],"y":[1,1,1]},"o":{"x":[0.483,0.483,0.333],"y":[0,0,0]},"t":126.32,"s":[70.764,70.764,100]},{"i":{"x":[0.527,0.527,0.667],"y":[1,1,1]},"o":{"x":[0.48,0.48,0.333],"y":[0,0,0]},"t":199.666,"s":[62.6,62.6,100]},{"i":{"x":[0.555,0.555,0.667],"y":[1,1,1]},"o":{"x":[0.461,0.461,0.333],"y":[0,0,0]},"t":325.986,"s":[70.764,70.764,100]},{"i":{"x":[0.522,0.522,0.667],"y":[1,1,1]},"o":{"x":[0.482,0.482,0.333],"y":[0,0,0]},"t":399.334,"s":[62.6,62.6,100]},{"i":{"x":[0.546,0.546,0.667],"y":[1,1,1]},"o":{"x":[0.528,0.528,0.333],"y":[0,0,0]},"t":525.654,"s":[70.764,70.764,100]},{"t":599,"s":[62.6,62.6,100]}],"ix":6}},"ao":0,"shapes":[{"ty":"gr","it":[{"ind":0,"ty":"sh","ix":1,"ks":{"a":0,"k":{"i":[[22.614,13.098],[22.39,-12.987],[-22.502,-12.986],[-22.391,12.987]],"o":[[-22.502,-12.987],[-22.39,12.986],[22.502,12.987],[22.39,-12.986]],"v":[[40.562,-23.566],[-40.827,-23.566],[-40.603,23.565],[40.786,23.565]],"c":true},"ix":2},"nm":"Path 1","mn":"ADBE Vector Shape - Group","hd":false},{"ty":"fl","c":{"a":0,"k":[0,0,0,1],"ix":4},"o":{"a":0,"k":14,"ix":5},"r":1,"bm":0,"nm":"Fill 1","mn":"ADBE Vector Graphic - Fill","hd":false},{"ty":"tr","p":{"a":0,"k":[283.54,353.178],"ix":2},"a":{"a":0,"k":[0,0],"ix":1},"s":{"a":0,"k":[100,100],"ix":3},"r":{"a":0,"k":0,"ix":6},"o":{"a":0,"k":100,"ix":7},"sk":{"a":0,"k":0,"ix":4},"sa":{"a":0,"k":0,"ix":5},"nm":"Transform"}],"nm":"Group 37","np":2,"cix":2,"bm":0,"ix":1,"mn":"ADBE Vector Group","hd":false}],"ip":0,"op":1500,"st":0,"bm":0},{"ddd":0,"ind":7,"ty":4,"nm":"1 copy Outlines","sr":1,"ks":{"o":{"a":0,"k":100,"ix":11},"r":{"a":0,"k":0,"ix":10},"p":{"a":0,"k":[400,300,0],"ix":2},"a":{"a":0,"k":[551,401,0],"ix":1},"s":{"a":0,"k":[69.51,69.51,100],"ix":6}},"ao":0,"shapes":[{"ty":"gr","it":[{"ind":0,"ty":"sh","ix":1,"ks":{"a":0,"k":{"i":[[0,0],[0,0],[0,0],[0,0]],"o":[[0,0],[0,0],[0,0],[0,0]],"v":[[647.389,64.358],[61.052,405.046],[467.423,645.162],[1057.762,293.192]],"c":true},"ix":2},"nm":"Path 1","mn":"ADBE Vector Shape - Group","hd":false},{"ty":"gf","o":{"a":0,"k":100,"ix":10},"r":1,"bm":0,"g":{"p":3,"k":{"a":0,"k":[0,0.102,0.42,0.698,0.5,0.104,0.357,0.635,1,0.106,0.294,0.573],"ix":9}},"s":{"a":0,"k":[162.87,610.631],"ix":5},"e":{"a":0,"k":[939.74,149.905],"ix":6},"t":1,"nm":"Gradient Fill 1","mn":"ADBE Vector Graphic - G-Fill","hd":false},{"ty":"tr","p":{"a":0,"k":[0,0],"ix":2},"a":{"a":0,"k":[0,0],"ix":1},"s":{"a":0,"k":[100,100],"ix":3},"r":{"a":0,"k":0,"ix":6},"o":{"a":0,"k":100,"ix":7},"sk":{"a":0,"k":0,"ix":4},"sa":{"a":0,"k":0,"ix":5},"nm":"Transform"}],"nm":"Shape 2","np":3,"cix":2,"bm":0,"ix":1,"mn":"ADBE Vector Group","hd":false},{"ty":"gr","it":[{"ind":0,"ty":"sh","ix":1,"ks":{"a":0,"k":{"i":[[0,0],[4.254,-2.463],[4.367,2.463],[0,0],[-4.255,2.575],[-4.367,-2.463]],"o":[[4.366,2.463],[-4.255,2.463],[0,0],[-4.367,-2.463],[4.254,-2.463],[0,0]],"v":[[68.067,30.283],[68.179,39.351],[52.505,39.351],[-68.065,-30.283],[-68.065,-39.351],[-52.505,-39.351]],"c":true},"ix":2},"nm":"Path 1","mn":"ADBE Vector Shape - Group","hd":false},{"ty":"fl","c":{"a":0,"k":[0.663000009574,0.838999968884,0.917999985639,1],"ix":4},"o":{"a":0,"k":100,"ix":5},"r":1,"bm":0,"nm":"Fill 1","mn":"ADBE Vector Graphic - Fill","hd":false},{"ty":"tr","p":{"a":0,"k":[883.514,165.769],"ix":2},"a":{"a":0,"k":[0,0],"ix":1},"s":{"a":0,"k":[100,100],"ix":3},"r":{"a":0,"k":0,"ix":6},"o":{"a":0,"k":100,"ix":7},"sk":{"a":0,"k":0,"ix":4},"sa":{"a":0,"k":0,"ix":5},"nm":"Transform"}],"nm":"Group 56","np":2,"cix":2,"bm":0,"ix":2,"mn":"ADBE Vector Group","hd":false},{"ty":"gr","it":[{"ind":0,"ty":"sh","ix":1,"ks":{"a":0,"k":{"i":[[0,0],[6.381,-3.247],[4.366,2.575],[0,0],[-4.367,2.463],[-4.367,-2.463]],"o":[[4.365,2.463],[-4.367,2.351],[0,0],[-4.367,-2.463],[4.254,-2.463],[0,0]],"v":[[70.81,28.548],[68.907,39.407],[54.577,40.974],[-70.92,-30.227],[-65.323,-41.086],[-49.761,-41.086]],"c":true},"ix":2},"nm":"Path 1","mn":"ADBE Vector Shape - Group","hd":false},{"ty":"fl","c":{"a":0,"k":[0.458999992819,0.698000021542,0.8,1],"ix":4},"o":{"a":0,"k":100,"ix":5},"r":1,"bm":0,"nm":"Fill 1","mn":"ADBE Vector Graphic - Fill","hd":false},{"ty":"tr","p":{"a":0,"k":[884.587,164.257],"ix":2},"a":{"a":0,"k":[0,0],"ix":1},"s":{"a":0,"k":[100,100],"ix":3},"r":{"a":0,"k":0,"ix":6},"o":{"a":0,"k":100,"ix":7},"sk":{"a":0,"k":0,"ix":4},"sa":{"a":0,"k":0,"ix":5},"nm":"Transform"}],"nm":"Group 57","np":2,"cix":2,"bm":0,"ix":3,"mn":"ADBE Vector Group","hd":false},{"ty":"gr","it":[{"ind":0,"ty":"sh","ix":1,"ks":{"a":0,"k":{"i":[[0,0],[16.12,-9.404],[0,0],[0,0],[0,0],[16.12,9.292],[0,0],[-16.009,9.292],[0,0],[-16.233,-9.291]],"o":[[16.119,9.292],[0,0],[0,0],[0,0],[-16.009,9.292],[0,0],[-16.121,-9.292],[0,0],[16.009,-9.291],[0,0]],"v":[[538.4,-113.128],[538.509,-79.317],[506.49,-60.734],[-86.067,283.629],[-135.437,312.4],[-193.652,312.4],[-538.686,113.014],[-538.91,79.317],[135.037,-312.4],[193.363,-312.4]],"c":true},"ix":2},"nm":"Path 1","mn":"ADBE Vector Shape - Group","hd":false},{"ty":"fl","c":{"a":0,"k":[0.870999983245,0.964999988032,1,1],"ix":4},"o":{"a":0,"k":100,"ix":5},"r":1,"bm":0,"nm":"Fill 1","mn":"ADBE Vector Graphic - Fill","hd":false},{"ty":"tr","p":{"a":0,"k":[551,354.188],"ix":2},"a":{"a":0,"k":[0,0],"ix":1},"s":{"a":0,"k":[100,100],"ix":3},"r":{"a":0,"k":0,"ix":6},"o":{"a":0,"k":100,"ix":7},"sk":{"a":0,"k":0,"ix":4},"sa":{"a":0,"k":0,"ix":5},"nm":"Transform"}],"nm":"Group 59","np":2,"cix":2,"bm":0,"ix":4,"mn":"ADBE Vector Group","hd":false},{"ty":"gr","it":[{"ind":0,"ty":"sh","ix":1,"ks":{"a":0,"k":{"i":[[0,0],[2.911,-1.008],[1.119,-0.335],[1.343,-0.225],[1.679,-0.223],[0.448,-0.112],[2.351,0],[0,0],[2.351,0.223],[0.336,0],[2.239,0.449],[0.335,0],[1.903,0.672],[0.224,0.111],[1.903,1.12],[0,0],[-2.015,-0.897],[-0.112,0],[-0.336,-0.111],[-1.231,-0.335],[-0.672,-0.224],[-0.336,-0.111],[-0.448,0],[-1.344,-0.112],[-0.559,0],[-0.448,0],[-0.448,0],[-1.343,0],[0,0],[0,0],[0,0],[-1.568,0.225],[-0.224,0],[-0.448,0],[-1.119,0.113],[-0.448,0.112],[-1.344,0.336],[-0.784,0.225],[-0.335,0.111],[-2.463,1.455],[0,0],[0,0]],"o":[[-2.463,1.456],[-1.007,0.336],[-1.344,0.337],[-1.68,0.336],[-0.448,0],[-2.351,0.223],[0,0],[-2.351,0],[-0.336,0],[-2.239,-0.224],[-0.336,-0.112],[-2.016,-0.449],[-0.336,-0.113],[-2.239,-0.897],[0,0],[1.903,1.118],[0.112,0],[0.335,0.112],[1.232,0.447],[0.672,0.224],[0.335,0.112],[0.336,0.112],[1.343,0.223],[0.448,0.113],[0.336,0],[0.448,0],[1.344,0.113],[0,0],[0,0],[0,0],[1.567,0],[0.223,0],[0.448,0],[1.231,-0.112],[0.56,-0.112],[1.455,-0.336],[0.672,-0.224],[0.336,-0.111],[2.911,-1.008],[0,0],[0,0],[0,0]],"v":[[4.647,-16.121],[-3.526,-12.538],[-6.66,-11.531],[-10.69,-10.522],[-15.728,-9.628],[-16.961,-9.404],[-23.901,-9.068],[-24.909,-9.068],[-31.849,-9.404],[-32.858,-9.516],[-39.574,-10.635],[-40.694,-10.859],[-46.516,-12.649],[-47.411,-12.985],[-53.681,-16.009],[-53.793,37.729],[-47.858,40.64],[-47.522,40.75],[-46.516,41.086],[-42.822,42.318],[-40.806,42.878],[-39.686,43.214],[-38.566,43.438],[-34.536,44.109],[-33.082,44.221],[-31.961,44.333],[-30.507,44.445],[-26.477,44.669],[-25.245,44.669],[-24.125,44.669],[-22.333,44.669],[-17.743,44.333],[-17.185,44.221],[-15.953,44.109],[-12.483,43.661],[-11.026,43.326],[-6.884,42.318],[-4.646,41.758],[-3.75,41.31],[4.31,37.729],[53.681,9.068],[53.793,-44.668]],"c":true},"ix":2},"nm":"Path 1","mn":"ADBE Vector Shape - Group","hd":false},{"ty":"fl","c":{"a":0,"k":[0.663000009574,0.838999968884,0.917999985639,1],"ix":4},"o":{"a":0,"k":100,"ix":5},"r":1,"bm":0,"nm":"Fill 1","mn":"ADBE Vector Graphic - Fill","hd":false},{"ty":"tr","p":{"a":0,"k":[411.03,682.591],"ix":2},"a":{"a":0,"k":[0,0],"ix":1},"s":{"a":0,"k":[100,100],"ix":3},"r":{"a":0,"k":0,"ix":6},"o":{"a":0,"k":100,"ix":7},"sk":{"a":0,"k":0,"ix":4},"sa":{"a":0,"k":0,"ix":5},"nm":"Transform"}],"nm":"Group 60","np":2,"cix":2,"bm":0,"ix":5,"mn":"ADBE Vector Group","hd":false},{"ty":"gr","it":[{"ind":0,"ty":"sh","ix":1,"ks":{"a":0,"k":{"i":[[0,0],[0,6.158],[0,0],[-8.172,-4.701],[0,0],[0,0]],"o":[[-8.061,-4.702],[0,0],[0,6.157],[0,0],[0,0],[0,0]],"v":[[-166.36,-117.94],[-178.563,-134.958],[-178.674,-81.22],[-166.472,-64.205],[178.561,134.957],[178.674,81.221]],"c":true},"ix":2},"nm":"Path 1","mn":"ADBE Vector Shape - Group","hd":false},{"ty":"fl","c":{"a":0,"k":[0.583999992819,0.769000004787,0.870999983245,1],"ix":4},"o":{"a":0,"k":100,"ix":5},"r":1,"bm":0,"nm":"Fill 1","mn":"ADBE Vector Graphic - Fill","hd":false},{"ty":"tr","p":{"a":0,"k":[178.674,585.137],"ix":2},"a":{"a":0,"k":[0,0],"ix":1},"s":{"a":0,"k":[100,100],"ix":3},"r":{"a":0,"k":0,"ix":6},"o":{"a":0,"k":100,"ix":7},"sk":{"a":0,"k":0,"ix":4},"sa":{"a":0,"k":0,"ix":5},"nm":"Transform"}],"nm":"Group 61","np":2,"cix":2,"bm":0,"ix":6,"mn":"ADBE Vector Group","hd":false},{"ty":"gr","it":[{"ind":0,"ty":"sh","ix":1,"ks":{"a":0,"k":{"i":[[0,0.112],[0.45,-1.455],[0,-0.112],[0.901,-1.343],[0.11,-0.224],[1.229,-1.119],[1,-0.671],[1.009,-0.56],[0,0],[0,0],[0,0],[-0.229,0.112],[-0.67,0.448],[-0.78,0.784],[0,0.112],[-0.779,1.008],[-0.11,0.223],[-0.12,0.224],[-0.221,0.336],[-0.341,0.784],[0,0.111],[0,0.224],[-0.111,0.56],[0,0.784],[0,0],[0,15.673],[0,0]],"o":[[0,1.455],[0,0.112],[-0.45,1.343],[-0.11,0.224],[-0.89,1.231],[-0.79,0.784],[-0.901,0.56],[0,0],[0,0],[0,0],[0.109,-0.112],[0.781,-0.447],[1.011,-0.672],[0.111,-0.112],[1,-0.896],[0.221,-0.224],[0.22,-0.224],[0.22,-0.336],[0.45,-0.783],[0,-0.112],[0,-0.112],[0.229,-0.56],[0.109,-0.783],[0,0],[0,-15.674],[0,0],[0.109,0]],"v":[[22.054,-44.557],[21.384,-40.302],[21.275,-39.854],[19.254,-35.936],[18.804,-35.264],[15.565,-31.682],[12.655,-29.555],[10.075,-27.763],[-21.946,-9.181],[-22.055,44.556],[9.855,25.973],[10.414,25.637],[12.424,24.181],[15.334,21.943],[15.565,21.719],[18.134,18.919],[18.584,18.249],[19.034,17.577],[19.815,16.456],[20.935,14.105],[21.044,13.771],[21.155,13.323],[21.605,11.754],[21.834,9.404],[21.834,9.068],[21.945,-37.839],[21.945,-44.332]],"c":true},"ix":2},"nm":"Path 1","mn":"ADBE Vector Shape - Group","hd":false},{"ty":"fl","c":{"a":0,"k":[0.663000009574,0.838999968884,0.917999985639,1],"ix":4},"o":{"a":0,"k":100,"ix":5},"r":1,"bm":0,"nm":"Fill 1","mn":"ADBE Vector Graphic - Fill","hd":false},{"ty":"tr","p":{"a":0,"k":[1079.545,302.517],"ix":2},"a":{"a":0,"k":[0,0],"ix":1},"s":{"a":0,"k":[100,100],"ix":3},"r":{"a":0,"k":0,"ix":6},"o":{"a":0,"k":100,"ix":7},"sk":{"a":0,"k":0,"ix":4},"sa":{"a":0,"k":0,"ix":5},"nm":"Transform"}],"nm":"Group 62","np":2,"cix":2,"bm":0,"ix":7,"mn":"ADBE Vector Group","hd":false},{"ty":"gr","it":[{"ind":0,"ty":"sh","ix":1,"ks":{"a":0,"k":{"i":[[0,0],[0,0],[0,0],[0,0]],"o":[[0,0],[0,0],[0,0],[0,0]],"v":[[1057.582,288.876],[463.153,634.06],[463.693,692.325],[1057.491,347.276]],"c":true},"ix":2},"nm":"Path 1","mn":"ADBE Vector Shape - Group","hd":false},{"ty":"gf","o":{"a":0,"k":100,"ix":10},"r":1,"bm":0,"g":{"p":3,"k":{"a":0,"k":[0,0.106,0.294,0.573,0.5,0.104,0.327,0.635,1,0.102,0.361,0.698],"ix":9}},"s":{"a":0,"k":[465.8,493.522],"ix":5},"e":{"a":0,"k":[1057.512,493.274],"ix":6},"t":1,"nm":"Gradient Fill 1","mn":"ADBE Vector Graphic - G-Fill","hd":false},{"ty":"tr","p":{"a":0,"k":[0,0],"ix":2},"a":{"a":0,"k":[0,0],"ix":1},"s":{"a":0,"k":[100,100],"ix":3},"r":{"a":0,"k":0,"ix":6},"o":{"a":0,"k":100,"ix":7},"sk":{"a":0,"k":0,"ix":4},"sa":{"a":0,"k":0,"ix":5},"nm":"Transform"}],"nm":"Shape 1","np":3,"cix":2,"bm":0,"ix":8,"mn":"ADBE Vector Group","hd":false}],"ip":0,"op":1500,"st":0,"bm":0}]},{"id":"comp_1","layers":[{"ddd":0,"ind":1,"ty":4,"nm":"mask 3","td":1,"sr":1,"ks":{"o":{"a":0,"k":100,"ix":11},"r":{"a":0,"k":0,"ix":10},"p":{"a":0,"k":[203.75,45,0],"ix":2},"a":{"a":0,"k":[0,0,0],"ix":1},"s":{"a":0,"k":[100,100,100],"ix":6}},"ao":0,"shapes":[{"ty":"gr","it":[{"ind":0,"ty":"sh","ix":1,"ks":{"a":0,"k":{"i":[[0,0],[0,0],[0,0],[0,0],[0,0]],"o":[[0,0],[0,0],[0,0],[0,0],[0,0]],"v":[[-126.125,-8.875],[-126.125,10.875],[-17.927,70.624],[-17.875,42.875],[-27.75,48]],"c":true},"ix":2},"nm":"Path 1","mn":"ADBE Vector Shape - Group","hd":false},{"ty":"gf","o":{"a":0,"k":100,"ix":10},"r":1,"bm":0,"g":{"p":3,"k":{"a":0,"k":[0,0.106,0.294,0.573,0.5,0.104,0.327,0.635,1,0.102,0.361,0.698],"ix":9}},"s":{"a":0,"k":[0,0],"ix":5},"e":{"a":0,"k":[100,0],"ix":6},"t":1,"nm":"Gradient Fill 1","mn":"ADBE Vector Graphic - G-Fill","hd":false},{"ty":"tr","p":{"a":0,"k":[0,0],"ix":2},"a":{"a":0,"k":[0,0],"ix":1},"s":{"a":0,"k":[100,100],"ix":3},"r":{"a":0,"k":0,"ix":6},"o":{"a":0,"k":100,"ix":7},"sk":{"a":0,"k":0,"ix":4},"sa":{"a":0,"k":0,"ix":5},"nm":"Transform"}],"nm":"Shape 1","np":3,"cix":2,"bm":0,"ix":1,"mn":"ADBE Vector Group","hd":false}],"ip":0,"op":1500,"st":0,"bm":0},{"ddd":0,"ind":2,"ty":4,"nm":"Shape Layer 8","tt":2,"sr":1,"ks":{"o":{"a":0,"k":100,"ix":11},"r":{"a":0,"k":0,"ix":10},"p":{"a":1,"k":[{"i":{"x":0.667,"y":1},"o":{"x":0.333,"y":0},"t":-71.781,"s":[131.344,69.36,0],"to":[0,-1.833,0],"ti":[0,0,0]},{"i":{"x":0.833,"y":1},"o":{"x":0.333,"y":0},"t":28,"s":[131.344,58.36,0],"to":[0,0,0],"ti":[0,0,0]},{"i":{"x":0.667,"y":1},"o":{"x":0.333,"y":0},"t":127.777,"s":[131.344,69.36,0],"to":[0,0,0],"ti":[0,0,0]},{"i":{"x":0.833,"y":1},"o":{"x":0.333,"y":0},"t":227.559,"s":[131.344,58.36,0],"to":[0,0,0],"ti":[0,-1.833,0]},{"i":{"x":0.667,"y":0.667},"o":{"x":0.333,"y":0.333},"t":327.219,"s":[131.344,69.36,0],"to":[0,0,0],"ti":[0,0,0]},{"i":{"x":0.667,"y":1},"o":{"x":0.167,"y":0},"t":327.338,"s":[131.344,69.36,0],"to":[0,-1.833,0],"ti":[0,0,0]},{"i":{"x":0.833,"y":1},"o":{"x":0.333,"y":0},"t":427,"s":[131.344,58.36,0],"to":[0,0,0],"ti":[0,-1.833,0]},{"i":{"x":0.667,"y":0.667},"o":{"x":0.333,"y":0.333},"t":526.66,"s":[131.344,69.36,0],"to":[0,0,0],"ti":[0,0,0]},{"i":{"x":0.667,"y":1},"o":{"x":0.167,"y":0},"t":526.777,"s":[131.344,69.36,0],"to":[0,-1.833,0],"ti":[0,0,0]},{"i":{"x":0.667,"y":1},"o":{"x":0.333,"y":0},"t":626.439,"s":[131.344,58.36,0],"to":[0,0,0],"ti":[0,-1.833,0]},{"t":726.21875,"s":[131.344,69.36,0]}],"ix":2},"a":{"a":0,"k":[325.094,431.36,0],"ix":1},"s":{"a":0,"k":[65.679,65.679,100],"ix":6}},"ao":0,"shapes":[{"ty":"gr","it":[{"ind":0,"ty":"sh","ix":1,"ks":{"a":0,"k":{"i":[[0,0],[0,0],[0,0],[0,0]],"o":[[0,0],[0,0],[0,0],[0,0]],"v":[[79.094,39.184],[67.898,45.676],[-79.093,-39.182],[-67.898,-45.675]],"c":true},"ix":2},"nm":"Path 1","mn":"ADBE Vector Shape - Group","hd":false},{"ty":"fl","c":{"a":0,"k":[0.246999987434,0.728999956916,0.830999995213,1],"ix":4},"o":{"a":0,"k":100,"ix":5},"r":1,"bm":0,"nm":"Fill 1","mn":"ADBE Vector Graphic - Fill","hd":false},{"ty":"tr","p":{"a":0,"k":[325.094,421.676],"ix":2},"a":{"a":0,"k":[0,0],"ix":1},"s":{"a":0,"k":[100,100],"ix":3},"r":{"a":0,"k":0,"ix":6},"o":{"a":0,"k":100,"ix":7},"sk":{"a":0,"k":0,"ix":4},"sa":{"a":0,"k":0,"ix":5},"nm":"Transform"}],"nm":"Group 45","np":2,"cix":2,"bm":0,"ix":1,"mn":"ADBE Vector Group","hd":false},{"ty":"gr","it":[{"ind":0,"ty":"sh","ix":1,"ks":{"a":0,"k":{"i":[[0,0],[0,0],[0,0],[0,0]],"o":[[0,0],[0,0],[0,0],[0,0]],"v":[[5.598,-12.93],[5.598,6.436],[-5.598,12.93],[-5.598,-6.438]],"c":true},"ix":2},"nm":"Path 1","mn":"ADBE Vector Shape - Group","hd":false},{"ty":"fl","c":{"a":0,"k":[0.219999994016,0.654999976065,0.745000023935,1],"ix":4},"o":{"a":0,"k":100,"ix":5},"r":1,"bm":0,"nm":"Fill 1","mn":"ADBE Vector Graphic - Fill","hd":false},{"ty":"tr","p":{"a":0,"k":[398.588,473.79],"ix":2},"a":{"a":0,"k":[0,0],"ix":1},"s":{"a":0,"k":[100,100],"ix":3},"r":{"a":0,"k":0,"ix":6},"o":{"a":0,"k":100,"ix":7},"sk":{"a":0,"k":0,"ix":4},"sa":{"a":0,"k":0,"ix":5},"nm":"Transform"}],"nm":"Group 46","np":2,"cix":2,"bm":0,"ix":2,"mn":"ADBE Vector Group","hd":false},{"ty":"gr","it":[{"ind":0,"ty":"sh","ix":1,"ks":{"a":0,"k":{"i":[[0,0],[0,0],[0,0],[0,0]],"o":[[0,0],[0,0],[0,0],[0,0]],"v":[[73.496,32.746],[73.496,52.113],[-73.496,-32.745],[-73.496,-52.112]],"c":true},"ix":2},"nm":"Path 1","mn":"ADBE Vector Shape - Group","hd":false},{"ty":"fl","c":{"a":0,"k":[0.152999997606,0.455000005984,0.517999985639,1],"ix":4},"o":{"a":0,"k":100,"ix":5},"r":1,"bm":0,"nm":"Fill 1","mn":"ADBE Vector Graphic - Fill","hd":false},{"ty":"tr","p":{"a":0,"k":[319.496,434.607],"ix":2},"a":{"a":0,"k":[0,0],"ix":1},"s":{"a":0,"k":[100,100],"ix":3},"r":{"a":0,"k":0,"ix":6},"o":{"a":0,"k":100,"ix":7},"sk":{"a":0,"k":0,"ix":4},"sa":{"a":0,"k":0,"ix":5},"nm":"Transform"}],"nm":"Group 47","np":2,"cix":2,"bm":0,"ix":3,"mn":"ADBE Vector Group","hd":false}],"ip":0,"op":1500,"st":0,"bm":0},{"ddd":0,"ind":3,"ty":4,"nm":"mask 2","td":1,"sr":1,"ks":{"o":{"a":0,"k":100,"ix":11},"r":{"a":0,"k":0,"ix":10},"p":{"a":0,"k":[181.5,58.25,0],"ix":2},"a":{"a":0,"k":[0,0,0],"ix":1},"s":{"a":0,"k":[100,100,100],"ix":6}},"ao":0,"shapes":[{"ty":"gr","it":[{"ind":0,"ty":"sh","ix":1,"ks":{"a":0,"k":{"i":[[0,0],[0,0],[0,0],[0,0],[0,0]],"o":[[0,0],[0,0],[0,0],[0,0],[0,0]],"v":[[-126.125,-8.875],[-126.125,10.875],[-17.927,70.624],[-17.875,42.875],[-27.75,48]],"c":true},"ix":2},"nm":"Path 1","mn":"ADBE Vector Shape - Group","hd":false},{"ty":"gf","o":{"a":0,"k":100,"ix":10},"r":1,"bm":0,"g":{"p":3,"k":{"a":0,"k":[0,0.106,0.294,0.573,0.5,0.104,0.327,0.635,1,0.102,0.361,0.698],"ix":9}},"s":{"a":0,"k":[0,0],"ix":5},"e":{"a":0,"k":[100,0],"ix":6},"t":1,"nm":"Gradient Fill 1","mn":"ADBE Vector Graphic - G-Fill","hd":false},{"ty":"tr","p":{"a":0,"k":[0,0],"ix":2},"a":{"a":0,"k":[0,0],"ix":1},"s":{"a":0,"k":[100,100],"ix":3},"r":{"a":0,"k":0,"ix":6},"o":{"a":0,"k":100,"ix":7},"sk":{"a":0,"k":0,"ix":4},"sa":{"a":0,"k":0,"ix":5},"nm":"Transform"}],"nm":"Shape 1","np":3,"cix":2,"bm":0,"ix":1,"mn":"ADBE Vector Group","hd":false}],"ip":0,"op":1500,"st":0,"bm":0},{"ddd":0,"ind":4,"ty":4,"nm":"Shape Layer 7","tt":2,"sr":1,"ks":{"o":{"a":0,"k":100,"ix":11},"r":{"a":0,"k":0,"ix":10},"p":{"a":1,"k":[{"i":{"x":0.667,"y":1},"o":{"x":0.333,"y":0},"t":-121.057,"s":[109.094,82.61,0],"to":[0,-1.833,0],"ti":[0,0,0]},{"i":{"x":0.667,"y":1},"o":{"x":0.333,"y":0},"t":-21.32,"s":[109.094,71.61,0],"to":[0,0,0],"ti":[0,-1.833,0]},{"i":{"x":0.833,"y":0.833},"o":{"x":0.167,"y":0.167},"t":78.412,"s":[109.094,82.61,0],"to":[0,0,0],"ti":[0,0,0]},{"i":{"x":0.667,"y":1},"o":{"x":0.333,"y":0},"t":78.531,"s":[109.094,82.61,0],"to":[0,-1.833,0],"ti":[0,0,0]},{"i":{"x":0.833,"y":1},"o":{"x":0.333,"y":0},"t":178.268,"s":[109.094,71.61,0],"to":[0,0,0],"ti":[0,-1.833,0]},{"i":{"x":0.667,"y":0.667},"o":{"x":0.333,"y":0.333},"t":277.887,"s":[109.094,82.61,0],"to":[0,0,0],"ti":[0,0,0]},{"i":{"x":0.667,"y":1},"o":{"x":0.167,"y":0},"t":278,"s":[109.094,82.61,0],"to":[0,-1.833,0],"ti":[0,0,0]},{"i":{"x":0.667,"y":1},"o":{"x":0.333,"y":0},"t":377.621,"s":[109.094,71.61,0],"to":[0,0,0],"ti":[0,-1.833,0]},{"i":{"x":0.833,"y":0.833},"o":{"x":0.167,"y":0.167},"t":477.355,"s":[109.094,82.61,0],"to":[0,0,0],"ti":[0,0,0]},{"i":{"x":0.667,"y":1},"o":{"x":0.333,"y":0},"t":477.475,"s":[109.094,82.61,0],"to":[0,-1.833,0],"ti":[0,0,0]},{"i":{"x":0.667,"y":1},"o":{"x":0.333,"y":0},"t":577.209,"s":[109.094,71.61,0],"to":[0,0,0],"ti":[0,-1.833,0]},{"t":676.943359375,"s":[109.094,82.61,0]}],"ix":2},"a":{"a":0,"k":[325.094,431.36,0],"ix":1},"s":{"a":0,"k":[65.679,65.679,100],"ix":6}},"ao":0,"shapes":[{"ty":"gr","it":[{"ind":0,"ty":"sh","ix":1,"ks":{"a":0,"k":{"i":[[0,0],[0,0],[0,0],[0,0]],"o":[[0,0],[0,0],[0,0],[0,0]],"v":[[79.094,39.184],[67.898,45.676],[-79.093,-39.182],[-67.898,-45.675]],"c":true},"ix":2},"nm":"Path 1","mn":"ADBE Vector Shape - Group","hd":false},{"ty":"fl","c":{"a":0,"k":[0.246999987434,0.728999956916,0.830999995213,1],"ix":4},"o":{"a":0,"k":100,"ix":5},"r":1,"bm":0,"nm":"Fill 1","mn":"ADBE Vector Graphic - Fill","hd":false},{"ty":"tr","p":{"a":0,"k":[325.094,421.676],"ix":2},"a":{"a":0,"k":[0,0],"ix":1},"s":{"a":0,"k":[100,100],"ix":3},"r":{"a":0,"k":0,"ix":6},"o":{"a":0,"k":100,"ix":7},"sk":{"a":0,"k":0,"ix":4},"sa":{"a":0,"k":0,"ix":5},"nm":"Transform"}],"nm":"Group 45","np":2,"cix":2,"bm":0,"ix":1,"mn":"ADBE Vector Group","hd":false},{"ty":"gr","it":[{"ind":0,"ty":"sh","ix":1,"ks":{"a":0,"k":{"i":[[0,0],[0,0],[0,0],[0,0]],"o":[[0,0],[0,0],[0,0],[0,0]],"v":[[5.598,-12.93],[5.598,6.436],[-5.598,12.93],[-5.598,-6.438]],"c":true},"ix":2},"nm":"Path 1","mn":"ADBE Vector Shape - Group","hd":false},{"ty":"fl","c":{"a":0,"k":[0.219999994016,0.654999976065,0.745000023935,1],"ix":4},"o":{"a":0,"k":100,"ix":5},"r":1,"bm":0,"nm":"Fill 1","mn":"ADBE Vector Graphic - Fill","hd":false},{"ty":"tr","p":{"a":0,"k":[398.588,473.79],"ix":2},"a":{"a":0,"k":[0,0],"ix":1},"s":{"a":0,"k":[100,100],"ix":3},"r":{"a":0,"k":0,"ix":6},"o":{"a":0,"k":100,"ix":7},"sk":{"a":0,"k":0,"ix":4},"sa":{"a":0,"k":0,"ix":5},"nm":"Transform"}],"nm":"Group 46","np":2,"cix":2,"bm":0,"ix":2,"mn":"ADBE Vector Group","hd":false},{"ty":"gr","it":[{"ind":0,"ty":"sh","ix":1,"ks":{"a":0,"k":{"i":[[0,0],[0,0],[0,0],[0,0]],"o":[[0,0],[0,0],[0,0],[0,0]],"v":[[73.496,32.746],[73.496,52.113],[-73.496,-32.745],[-73.496,-52.112]],"c":true},"ix":2},"nm":"Path 1","mn":"ADBE Vector Shape - Group","hd":false},{"ty":"fl","c":{"a":0,"k":[0.152999997606,0.455000005984,0.517999985639,1],"ix":4},"o":{"a":0,"k":100,"ix":5},"r":1,"bm":0,"nm":"Fill 1","mn":"ADBE Vector Graphic - Fill","hd":false},{"ty":"tr","p":{"a":0,"k":[319.496,434.607],"ix":2},"a":{"a":0,"k":[0,0],"ix":1},"s":{"a":0,"k":[100,100],"ix":3},"r":{"a":0,"k":0,"ix":6},"o":{"a":0,"k":100,"ix":7},"sk":{"a":0,"k":0,"ix":4},"sa":{"a":0,"k":0,"ix":5},"nm":"Transform"}],"nm":"Group 47","np":2,"cix":2,"bm":0,"ix":3,"mn":"ADBE Vector Group","hd":false}],"ip":0,"op":1500,"st":0,"bm":0},{"ddd":0,"ind":5,"ty":4,"nm":"mask","td":1,"sr":1,"ks":{"o":{"a":0,"k":100,"ix":11},"r":{"a":0,"k":0,"ix":10},"p":{"a":0,"k":[158,70,0],"ix":2},"a":{"a":0,"k":[0,0,0],"ix":1},"s":{"a":0,"k":[100,100,100],"ix":6}},"ao":0,"shapes":[{"ty":"gr","it":[{"ind":0,"ty":"sh","ix":1,"ks":{"a":0,"k":{"i":[[0,0],[0,0],[0,0],[0,0],[0,0]],"o":[[0,0],[0,0],[0,0],[0,0],[0,0]],"v":[[-126.125,-8.875],[-126.125,10.875],[-17.927,70.624],[-17.875,42.875],[-27.75,48]],"c":true},"ix":2},"nm":"Path 1","mn":"ADBE Vector Shape - Group","hd":false},{"ty":"gf","o":{"a":0,"k":100,"ix":10},"r":1,"bm":0,"g":{"p":3,"k":{"a":0,"k":[0,0.106,0.294,0.573,0.5,0.104,0.327,0.635,1,0.102,0.361,0.698],"ix":9}},"s":{"a":0,"k":[0,0],"ix":5},"e":{"a":0,"k":[100,0],"ix":6},"t":1,"nm":"Gradient Fill 1","mn":"ADBE Vector Graphic - G-Fill","hd":false},{"ty":"tr","p":{"a":0,"k":[0,0],"ix":2},"a":{"a":0,"k":[0,0],"ix":1},"s":{"a":0,"k":[100,100],"ix":3},"r":{"a":0,"k":0,"ix":6},"o":{"a":0,"k":100,"ix":7},"sk":{"a":0,"k":0,"ix":4},"sa":{"a":0,"k":0,"ix":5},"nm":"Transform"}],"nm":"Shape 1","np":3,"cix":2,"bm":0,"ix":1,"mn":"ADBE Vector Group","hd":false}],"ip":0,"op":1500,"st":0,"bm":0},{"ddd":0,"ind":6,"ty":4,"nm":"Shape Layer 6","tt":2,"sr":1,"ks":{"o":{"a":0,"k":100,"ix":11},"r":{"a":0,"k":0,"ix":10},"p":{"a":1,"k":[{"i":{"x":0.667,"y":1},"o":{"x":0.333,"y":0},"t":-170,"s":[85.594,94.36,0],"to":[0,-1.833,0],"ti":[0,0,0]},{"i":{"x":0.667,"y":1},"o":{"x":0.333,"y":0},"t":-70.082,"s":[85.594,83.36,0],"to":[0,0,0],"ti":[0,-1.833,0]},{"i":{"x":0.667,"y":0.667},"o":{"x":0.333,"y":0.333},"t":29.721,"s":[85.594,94.36,0],"to":[0,0,0],"ti":[0,0,0]},{"i":{"x":0.667,"y":1},"o":{"x":0.167,"y":0},"t":29.838,"s":[85.594,94.36,0],"to":[0,-1.833,0],"ti":[0,0,0]},{"i":{"x":0.667,"y":1},"o":{"x":0.333,"y":0},"t":129.639,"s":[85.594,83.36,0],"to":[0,0,0],"ti":[0,-1.833,0]},{"i":{"x":0.667,"y":0.667},"o":{"x":0.333,"y":0.333},"t":229.441,"s":[85.594,94.36,0],"to":[0,0,0],"ti":[0,0,0]},{"i":{"x":0.667,"y":1},"o":{"x":0.167,"y":0},"t":229.559,"s":[85.594,94.36,0],"to":[0,-1.833,0],"ti":[0,0,0]},{"i":{"x":0.667,"y":1},"o":{"x":0.333,"y":0},"t":329.359,"s":[85.594,83.36,0],"to":[0,0,0],"ti":[0,-1.833,0]},{"i":{"x":0.667,"y":0.667},"o":{"x":0.333,"y":0.333},"t":429.162,"s":[85.594,94.36,0],"to":[0,0,0],"ti":[0,0,0]},{"i":{"x":0.667,"y":1},"o":{"x":0.167,"y":0},"t":429.279,"s":[85.594,94.36,0],"to":[0,-1.833,0],"ti":[0,0,0]},{"i":{"x":0.667,"y":1},"o":{"x":0.333,"y":0},"t":529.08,"s":[85.594,83.36,0],"to":[0,0,0],"ti":[0,-1.833,0]},{"t":629,"s":[85.594,94.36,0]}],"ix":2},"a":{"a":0,"k":[325.094,431.36,0],"ix":1},"s":{"a":0,"k":[65.679,65.679,100],"ix":6}},"ao":0,"shapes":[{"ty":"gr","it":[{"ind":0,"ty":"sh","ix":1,"ks":{"a":0,"k":{"i":[[0,0],[0,0],[0,0],[0,0]],"o":[[0,0],[0,0],[0,0],[0,0]],"v":[[79.094,39.184],[67.898,45.676],[-79.093,-39.182],[-67.898,-45.675]],"c":true},"ix":2},"nm":"Path 1","mn":"ADBE Vector Shape - Group","hd":false},{"ty":"fl","c":{"a":0,"k":[0.246999987434,0.728999956916,0.830999995213,1],"ix":4},"o":{"a":0,"k":100,"ix":5},"r":1,"bm":0,"nm":"Fill 1","mn":"ADBE Vector Graphic - Fill","hd":false},{"ty":"tr","p":{"a":0,"k":[325.094,421.676],"ix":2},"a":{"a":0,"k":[0,0],"ix":1},"s":{"a":0,"k":[100,100],"ix":3},"r":{"a":0,"k":0,"ix":6},"o":{"a":0,"k":100,"ix":7},"sk":{"a":0,"k":0,"ix":4},"sa":{"a":0,"k":0,"ix":5},"nm":"Transform"}],"nm":"Group 45","np":2,"cix":2,"bm":0,"ix":1,"mn":"ADBE Vector Group","hd":false},{"ty":"gr","it":[{"ind":0,"ty":"sh","ix":1,"ks":{"a":0,"k":{"i":[[0,0],[0,0],[0,0],[0,0]],"o":[[0,0],[0,0],[0,0],[0,0]],"v":[[5.598,-12.93],[5.598,6.436],[-5.598,12.93],[-5.598,-6.438]],"c":true},"ix":2},"nm":"Path 1","mn":"ADBE Vector Shape - Group","hd":false},{"ty":"fl","c":{"a":0,"k":[0.219999994016,0.654999976065,0.745000023935,1],"ix":4},"o":{"a":0,"k":100,"ix":5},"r":1,"bm":0,"nm":"Fill 1","mn":"ADBE Vector Graphic - Fill","hd":false},{"ty":"tr","p":{"a":0,"k":[398.588,473.79],"ix":2},"a":{"a":0,"k":[0,0],"ix":1},"s":{"a":0,"k":[100,100],"ix":3},"r":{"a":0,"k":0,"ix":6},"o":{"a":0,"k":100,"ix":7},"sk":{"a":0,"k":0,"ix":4},"sa":{"a":0,"k":0,"ix":5},"nm":"Transform"}],"nm":"Group 46","np":2,"cix":2,"bm":0,"ix":2,"mn":"ADBE Vector Group","hd":false},{"ty":"gr","it":[{"ind":0,"ty":"sh","ix":1,"ks":{"a":0,"k":{"i":[[0,0],[0,0],[0,0],[0,0]],"o":[[0,0],[0,0],[0,0],[0,0]],"v":[[73.496,32.746],[73.496,52.113],[-73.496,-32.745],[-73.496,-52.112]],"c":true},"ix":2},"nm":"Path 1","mn":"ADBE Vector Shape - Group","hd":false},{"ty":"fl","c":{"a":0,"k":[0.152999997606,0.455000005984,0.517999985639,1],"ix":4},"o":{"a":0,"k":100,"ix":5},"r":1,"bm":0,"nm":"Fill 1","mn":"ADBE Vector Graphic - Fill","hd":false},{"ty":"tr","p":{"a":0,"k":[319.496,434.607],"ix":2},"a":{"a":0,"k":[0,0],"ix":1},"s":{"a":0,"k":[100,100],"ix":3},"r":{"a":0,"k":0,"ix":6},"o":{"a":0,"k":100,"ix":7},"sk":{"a":0,"k":0,"ix":4},"sa":{"a":0,"k":0,"ix":5},"nm":"Transform"}],"nm":"Group 47","np":2,"cix":2,"bm":0,"ix":3,"mn":"ADBE Vector Group","hd":false}],"ip":0,"op":1500,"st":0,"bm":0},{"ddd":0,"ind":7,"ty":4,"nm":"Shape Layer 3","sr":1,"ks":{"o":{"a":0,"k":100,"ix":11},"r":{"a":0,"k":0,"ix":10},"p":{"a":0,"k":[113.512,113.956,0],"ix":2},"a":{"a":0,"k":[477.512,463.456,0],"ix":1},"s":{"a":0,"k":[70.826,70.826,100],"ix":6}},"ao":0,"shapes":[{"ty":"gr","it":[{"ind":0,"ty":"sh","ix":1,"ks":{"a":0,"k":{"i":[[0,0],[17,-9.738],[0,0],[0,0],[0,0],[0,0],[0,0],[-16.457,9.628],[0,0],[-16.681,-9.627]],"o":[[16.569,9.628],[0,0],[0,0],[0,0],[0,0],[0,0],[-16.569,-9.628],[0,0],[16.457,-9.515],[0,0]],"v":[[135.077,-16.233],[135.301,18.472],[104.29,36.495],[61.749,61.237],[-14.198,105.234],[-38.894,37.727],[-135.62,-18.136],[-135.844,-52.841],[-62.18,-95.607],[-2.286,-95.607]],"c":true},"ix":2},"nm":"Path 4","mn":"ADBE Vector Shape - Group","hd":false},{"ty":"fl","c":{"a":0,"k":[0.972999961703,0.976000019148,0.991999966491,1],"ix":4},"o":{"a":0,"k":100,"ix":5},"r":1,"bm":0,"nm":"Fill 1","mn":"ADBE Vector Graphic - Fill","hd":false},{"ty":"tr","p":{"a":0,"k":[476.698,428.266],"ix":2},"a":{"a":0,"k":[0,0],"ix":1},"s":{"a":0,"k":[100,100],"ix":3},"r":{"a":0,"k":0,"ix":6},"o":{"a":0,"k":100,"ix":7},"sk":{"a":0,"k":0,"ix":4},"sa":{"a":0,"k":0,"ix":5},"nm":"Transform"}],"nm":"Group 38","np":2,"cix":2,"bm":0,"ix":1,"mn":"ADBE Vector Group","hd":false},{"ty":"gr","it":[{"ind":0,"ty":"sh","ix":1,"ks":{"a":0,"k":{"i":[[0,0],[0,0],[0,0],[37.634,22.062],[0,0],[0,0],[0,0],[0,0]],"o":[[0,0],[0,0],[0,0],[-14.5,-8.5],[0,0],[0,0],[0,0],[0,0]],"v":[[68,60.25],[68,79.75],[43.344,12.423],[-53.5,-43.25],[-66,-61.25],[-66,-79.75],[-49.5,-70.75],[54.5,-15.75]],"c":true},"ix":2},"nm":"Path 1","mn":"ADBE Vector Shape - Group","hd":false},{"ty":"fl","c":{"a":0,"k":[0.583999992819,0.769000004787,0.870999983245,1],"ix":4},"o":{"a":0,"k":100,"ix":5},"r":1,"bm":0,"nm":"Fill 1","mn":"ADBE Vector Graphic - Fill","hd":false},{"ty":"tr","p":{"a":0,"k":[394.5,473.25],"ix":2},"a":{"a":0,"k":[0,0],"ix":1},"s":{"a":0,"k":[100,100],"ix":3},"r":{"a":0,"k":0,"ix":6},"o":{"a":0,"k":100,"ix":7},"sk":{"a":0,"k":0,"ix":4},"sa":{"a":0,"k":0,"ix":5},"nm":"Transform"}],"nm":"Group 39","np":2,"cix":2,"bm":0,"ix":2,"mn":"ADBE Vector Group","hd":false},{"ty":"gr","it":[{"ind":0,"ty":"sh","ix":1,"ks":{"a":0,"k":{"i":[[0,0],[0,0],[0,0],[0,0],[0,0],[0,0],[0,16]],"o":[[0,0],[0,0],[0,0],[0,0],[0,0],[3.662,-3.034],[0,-4]],"v":[[81,-62],[-81,37],[-81,62],[-4.907,18.071],[37.635,-6.67],[68.645,-24.694],[80.96,-45.5]],"c":true},"ix":2},"nm":"Path 1","mn":"ADBE Vector Shape - Group","hd":false},{"ty":"fl","c":{"a":0,"k":[0.769000004787,0.769000004787,0.769000004787,1],"ix":4},"o":{"a":0,"k":100,"ix":5},"r":1,"bm":0,"nm":"Fill 1","mn":"ADBE Vector Graphic - Fill","hd":false},{"ty":"tr","p":{"a":0,"k":[543.5,491],"ix":2},"a":{"a":0,"k":[0,0],"ix":1},"s":{"a":0,"k":[100,100],"ix":3},"r":{"a":0,"k":0,"ix":6},"o":{"a":0,"k":100,"ix":7},"sk":{"a":0,"k":0,"ix":4},"sa":{"a":0,"k":0,"ix":5},"nm":"Transform"}],"nm":"Group 40","np":2,"cix":2,"bm":0,"ix":3,"mn":"ADBE Vector Group","hd":false},{"ty":"gr","it":[{"ind":0,"ty":"sh","ix":1,"ks":{"a":0,"k":{"i":[[0,0],[0,0],[0,0],[0,0]],"o":[[0,0],[0,0],[0,0],[0,0]],"v":[[72.849,24.245],[84.044,17.752],[-62.836,-67.107],[-74.031,-60.614]],"c":true},"ix":2},"nm":"Path 1","mn":"ADBE Vector Shape - Group","hd":false},{"ind":1,"ty":"sh","ix":2,"ks":{"a":0,"k":{"i":[[0,0],[0,0],[0,0],[0,0]],"o":[[0,0],[0,0],[0,0],[0,0]],"v":[[103.558,5.89],[114.753,-0.603],[-32.127,-85.462],[-43.322,-78.969]],"c":true},"ix":2},"nm":"Path 6","mn":"ADBE Vector Shape - Group","hd":false},{"ind":2,"ty":"sh","ix":3,"ks":{"a":0,"k":{"i":[[0,0],[0,0],[0,0],[0,0]],"o":[[0,0],[0,0],[0,0],[0,0]],"v":[[39.316,41.541],[50.511,35.048],[-96.369,-49.811],[-107.564,-43.318]],"c":true},"ix":2},"nm":"Path 5","mn":"ADBE Vector Shape - Group","hd":false},{"ind":3,"ty":"sh","ix":4,"ks":{"a":0,"k":{"i":[[0,0],[16.345,-9.515],[0,0],[0,0],[0,0],[0,0],[0,0],[-16.457,9.627],[0,0],[-16.681,-9.628]],"o":[[16.57,9.628],[0,0],[0,0],[0,0],[0,0],[0,0],[-16.569,-9.628],[0,0],[16.457,-9.516],[0,0]],"v":[[135.37,-17.458],[135.594,17.247],[104.583,35.272],[62.042,60.013],[-13.637,104.01],[-38.602,36.503],[-135.328,-19.361],[-135.552,-54.065],[-61.888,-96.831],[-1.994,-96.831]],"c":true},"ix":2},"nm":"Path 4","mn":"ADBE Vector Shape - Group","hd":false},{"ty":"fl","c":{"a":0,"k":[0,0,0,1],"ix":4},"o":{"a":0,"k":14,"ix":5},"r":1,"bm":0,"nm":"Fill 1","mn":"ADBE Vector Graphic - Fill","hd":false},{"ty":"tr","p":{"a":0,"k":[478.792,497.422],"ix":2},"a":{"a":0,"k":[0,0],"ix":1},"s":{"a":0,"k":[100,100],"ix":3},"r":{"a":0,"k":0,"ix":6},"o":{"a":0,"k":100,"ix":7},"sk":{"a":0,"k":0,"ix":4},"sa":{"a":0,"k":0,"ix":5},"nm":"Transform"}],"nm":"Group 53","np":5,"cix":2,"bm":0,"ix":4,"mn":"ADBE Vector Group","hd":false}],"ip":0,"op":1500,"st":0,"bm":0}]}],"layers":[{"ddd":0,"ind":1,"ty":0,"nm":"Comp 1","refId":"comp_0","sr":1,"ks":{"o":{"a":0,"k":100,"ix":11},"r":{"a":0,"k":0,"ix":10},"p":{"a":1,"k":[{"i":{"x":0.565,"y":1},"o":{"x":0.487,"y":0},"t":0,"s":[400,331,0],"to":[0,-4.833,0],"ti":[0,0,0]},{"i":{"x":0.539,"y":1},"o":{"x":0.435,"y":0},"t":291,"s":[400,302,0],"to":[0,0,0],"ti":[0,-4.833,0]},{"t":599,"s":[400,331,0]}],"ix":2},"a":{"a":0,"k":[400,300,0],"ix":1},"s":{"a":0,"k":[95,95,100],"ix":6}},"ao":0,"w":800,"h":600,"ip":0,"op":1500,"st":0,"bm":0},{"ddd":0,"ind":2,"ty":4,"nm":"Shape Layer 1","sr":1,"ks":{"o":{"a":0,"k":100,"ix":11},"r":{"a":0,"k":0,"ix":10},"p":{"a":0,"k":[397.804,353.895,0],"ix":2},"a":{"a":0,"k":[550.804,481.895,0],"ix":1},"s":{"a":1,"k":[{"i":{"x":[0.565,0.565,0.667],"y":[1,1,1]},"o":{"x":[0.487,0.487,0.333],"y":[0,0,0]},"t":0,"s":[65.859,65.859,100]},{"i":{"x":[0.539,0.539,0.667],"y":[1,1,1]},"o":{"x":[0.435,0.435,0.333],"y":[0,0,0]},"t":291,"s":[69.028,69.028,100]},{"t":599,"s":[65.859,65.859,100]}],"ix":6}},"ao":0,"shapes":[{"ty":"gr","it":[{"ind":0,"ty":"sh","ix":1,"ks":{"a":0,"k":{"i":[[0,0],[16.01,-9.404],[0,0],[0,0],[0,0],[16.121,9.291],[0,0],[-16.121,9.404],[0,0],[-16.232,-9.292]],"o":[[16.239,9.292],[0,0],[0,0],[0,0],[-16.008,9.403],[0,0],[-16.12,-9.292],[0,0],[16.01,-9.404],[0,0]],"v":[[538.256,-114.777],[538.485,-80.968],[506.575,-62.272],[-84.972,283.881],[-134.343,312.764],[-192.557,312.876],[-538.263,114.723],[-538.486,81.025],[134.34,-312.707],[192.667,-312.931]],"c":true},"ix":2},"nm":"Path 1","mn":"ADBE Vector Shape - Group","hd":false},{"ty":"fl","c":{"a":0,"k":[0,0,0,1],"ix":4},"o":{"a":0,"k":14,"ix":5},"r":1,"bm":0,"nm":"Fill 1","mn":"ADBE Vector Graphic - Fill","hd":false},{"ty":"tr","p":{"a":0,"k":[550.804,481.895],"ix":2},"a":{"a":0,"k":[0,0],"ix":1},"s":{"a":0,"k":[100,100],"ix":3},"r":{"a":0,"k":0,"ix":6},"o":{"a":0,"k":100,"ix":7},"sk":{"a":0,"k":0,"ix":4},"sa":{"a":0,"k":0,"ix":5},"nm":"Transform"}],"nm":"Group 63","np":2,"cix":2,"bm":0,"ix":1,"mn":"ADBE Vector Group","hd":false}],"ip":0,"op":1500,"st":0,"bm":0}],"markers":[]}